#nWings;aws;awa;alpha0;alpha1;alpha2;alpha3;center0;center1;center2;center3;backgroundMesh;profileMesh0;profileMesh1;profileMesh2;profileMesh3;targetMesh;targetCase;Account;cores;walltime;DirName;jobNameID;Cx0Mean;Cx0Var;Cy0Mean;Cy0Var;Cm0Mean;Cm0Var; Cx1Mean;Cx1Var;Cy1Mean;Cy1Var;Cm1Mean;Cm1Var; Cx2Mean;Cx2Var;Cy2Mean;Cy2Var;Cm2Mean;Cm2Var; Cx3Mean;Cx3Var;Cy3Mean;Cy3Var;Cm3Mean;Cm3Var
4;7.7;51.3;5;5;0;-10;(20,9.901,0);(68,9.901,0);(20,-9.901,0);(68,-9.901,0);4profiles700x720_NewRefined750;New_flap25;New_flap25;New_flap25;New_flap25;background4Wings;wing;FF4_AYRO;2;32;/g100_work/FF4_AYRO/AUTO_test_dev_kch/RUNS/Case3_Run400to499/ID0;Case3_Run400to499_ID0;1.764709;0.000176;1.165164;0.000242;-0.374332;0.000121;1.020595;0.000142;0.783095;0.000168;-0.258769;9.8e-05;1.714888;0.000197;1.54917;0.000248;-0.468151;0.000145;1.645693;0.000186;1.738596;0.000428;-0.406926;0.000236;CONVERGED
4;7.7;51.3;0;5;0;-10;(20,9.901,0);(68,9.901,0);(20,-9.901,0);(68,-9.901,0);4profiles700x720_NewRefined750;New_flap25;New_flap25;New_flap25;New_flap25;background4Wings;wing;FF4_AYRO;2;32;/g100_work/FF4_AYRO/AUTO_test_dev_kch/RUNS/Case3_Run400to499/ID1;Case3_Run400to499_ID1;2.078719;0.000199;1.395375;0.000228;-0.3904;0.000114;0.987017;6.5e-05;0.767622;8.7e-05;-0.255531;7.4e-05;1.662553;0.000247;1.533309;0.000342;-0.467746;0.000241;1.616321;0.000319;1.72319;0.00045;-0.40468;0.000206;CONVERGED
4;7.7;51.3;-5;5;0;-10;(20,9.901,0);(68,9.901,0);(20,-9.901,0);(68,-9.901,0);4profiles700x720_NewRefined750;New_flap25;New_flap25;New_flap25;New_flap25;background4Wings;wing;FF4_AYRO;2;32;/g100_work/FF4_AYRO/AUTO_test_dev_kch/RUNS/Case3_Run400to499/ID2;Case3_Run400to499_ID2;0.96574;0.004996;0.954531;0.004936;-0.310149;0.001822;1.122812;0.000755;0.833087;0.00077;-0.270384;0.000334;1.828541;0.00413;1.60379;0.002789;-0.473248;0.001152;1.741684;0.001473;1.781412;0.002035;-0.411158;0.000641;NOTCONVERGED
4;7.7;51.3;-10;5;0;-10;(20,9.901,0);(68,9.901,0);(20,-9.901,0);(68,-9.901,0);4profiles700x720_NewRefined750;New_flap25;New_flap25;New_flap25;New_flap25;background4Wings;wing;FF4_AYRO;2;32;/g100_work/FF4_AYRO/AUTO_test_dev_kch/RUNS/Case3_Run400to499/ID3;Case3_Run400to499_ID3;1.210055;0.081974;1.322481;0.149197;-0.386023;0.058676;1.103507;0.007471;0.823743;0.003689;-0.268346;0.001715;1.7322;0.041039;1.577356;0.048034;-0.476062;0.019038;1.734186;0.017285;1.783521;0.01744;-0.41207;0.00775;NOTCONVERGED
4;7.7;51.3;-15;5;0;-10;(20,9.901,0);(68,9.901,0);(20,-9.901,0);(68,-9.901,0);4profiles700x720_NewRefined750;New_flap25;New_flap25;New_flap25;New_flap25;background4Wings;wing;FF4_AYRO;2;32;/g100_work/FF4_AYRO/AUTO_test_dev_kch/RUNS/Case3_Run400to499/ID4;Case3_Run400to499_ID4;1.229385;0.043324;1.625572;0.183292;-0.429745;0.083154;1.081812;0.017817;0.806685;0.005963;-0.26262;0.004606;1.762881;0.067053;1.604457;0.056614;-0.482708;0.026198;1.645291;0.028776;1.706389;0.012201;-0.397463;0.012488;NOTCONVERGED
4;7.7;51.3;5;0;0;-10;(20,9.901,0);(68,9.901,0);(20,-9.901,0);(68,-9.901,0);4profiles700x720_NewRefined750;New_flap25;New_flap25;New_flap25;New_flap25;background4Wings;wing;FF4_AYRO;2;32;/g100_work/FF4_AYRO/AUTO_test_dev_kch/RUNS/Case3_Run400to499/ID5;Case3_Run400to499_ID5;1.799073;9.2e-05;1.180843;9.8e-05;-0.379309;4.3e-05;1.287202;0.000377;1.00031;0.000354;-0.279993;0.000209;1.73234;9.2e-05;1.565184;0.000124;-0.473096;4.9e-05;1.611714;0.000134;1.740934;0.000109;-0.409256;3.7e-05;CONVERGED
4;7.7;51.3;0;0;0;-10;(20,9.901,0);(68,9.901,0);(20,-9.901,0);(68,-9.901,0);4profiles700x720_NewRefined750;New_flap25;New_flap25;New_flap25;New_flap25;background4Wings;wing;FF4_AYRO;2;32;/g100_work/FF4_AYRO/AUTO_test_dev_kch/RUNS/Case3_Run400to499/ID6;Case3_Run400to499_ID6;2.115331;0.000235;1.411876;0.00034;-0.395339;0.000185;1.25194;9.8e-05;0.98653;0.000193;-0.277401;0.000111;1.67986;0.000221;1.549327;0.000221;-0.472835;0.0001;1.580809;0.000136;1.724044;0.000332;-0.40686;0.000175;CONVERGED
4;7.7;51.3;-5;0;0;-10;(20,9.901,0);(68,9.901,0);(20,-9.901,0);(68,-9.901,0);4profiles700x720_NewRefined750;New_flap25;New_flap25;New_flap25;New_flap25;background4Wings;wing;FF4_AYRO;2;32;/g100_work/FF4_AYRO/AUTO_test_dev_kch/RUNS/Case3_Run400to499/ID7;Case3_Run400to499_ID7;0.928054;0.002626;0.929476;0.001906;-0.305196;0.000804;1.390043;0.000436;1.049108;0.000261;-0.290316;0.000121;1.907183;0.002594;1.650773;0.001251;-0.483831;0.00028;1.701313;0.000652;1.785023;0.000707;-0.41432;0.00023;NOTCONVERGED
4;7.7;51.3;-10;0;0;-10;(20,9.901,0);(68,9.901,0);(20,-9.901,0);(68,-9.901,0);4profiles700x720_NewRefined750;New_flap25;New_flap25;New_flap25;New_flap25;background4Wings;wing;FF4_AYRO;2;32;/g100_work/FF4_AYRO/AUTO_test_dev_kch/RUNS/Case3_Run400to499/ID8;Case3_Run400to499_ID8;1.219981;0.08408;1.31593;0.151156;-0.379188;0.059034;1.388454;0.003946;1.041375;0.003978;-0.287913;0.001386;1.733998;0.046061;1.583123;0.058512;-0.477996;0.023099;1.708018;0.009073;1.783934;0.009824;-0.412897;0.004929;NOTCONVERGED
4;7.7;51.3;-15;0;0;-10;(20,9.901,0);(68,9.901,0);(20,-9.901,0);(68,-9.901,0);4profiles700x720_NewRefined750;New_flap25;New_flap25;New_flap25;New_flap25;background4Wings;wing;FF4_AYRO;2;32;/g100_work/FF4_AYRO/AUTO_test_dev_kch/RUNS/Case3_Run400to499/ID9;Case3_Run400to499_ID9;1.271814;0.053883;1.672534;0.197143;-0.437908;0.092264;1.340284;0.016229;1.018856;0.004982;-0.282623;0.003641;1.79671;0.070387;1.642674;0.063162;-0.49788;0.028738;1.612861;0.035019;1.71363;0.023803;-0.399527;0.012312;NOTCONVERGED
4;7.7;51.3;5;-5;0;-10;(20,9.901,0);(68,9.901,0);(20,-9.901,0);(68,-9.901,0);4profiles700x720_NewRefined750;New_flap25;New_flap25;New_flap25;New_flap25;background4Wings;wing;FF4_AYRO;2;32;/g100_work/FF4_AYRO/AUTO_test_dev_kch/RUNS/Case3_Run400to499/ID10;Case3_Run400to499_ID10;1.830156;0.000118;1.194989;0.000283;-0.383941;0.000146;1.512486;0.000295;1.193419;0.000318;-0.291867;0.000175;1.746692;8.4e-05;1.578392;7.9e-05;-0.476994;4.1e-05;1.581599;0.000434;1.741046;0.000544;-0.411096;0.000277;CONVERGED
4;7.7;51.3;0;-5;0;-10;(20,9.901,0);(68,9.901,0);(20,-9.901,0);(68,-9.901,0);4profiles700x720_NewRefined750;New_flap25;New_flap25;New_flap25;New_flap25;background4Wings;wing;FF4_AYRO;2;32;/g100_work/FF4_AYRO/AUTO_test_dev_kch/RUNS/Case3_Run400to499/ID11;Case3_Run400to499_ID11;2.149527;0.000299;1.426958;0.00035;-0.399968;0.000153;1.479724;0.000187;1.183095;0.000308;-0.290268;0.000187;1.694304;0.000303;1.562644;0.00041;-0.476768;0.000323;1.551203;0.000255;1.724207;0.000372;-0.408937;0.0001;CONVERGED
4;7.7;51.3;-5;-5;0;-10;(20,9.901,0);(68,9.901,0);(20,-9.901,0);(68,-9.901,0);4profiles700x720_NewRefined750;New_flap25;New_flap25;New_flap25;New_flap25;background4Wings;wing;FF4_AYRO;2;32;/g100_work/FF4_AYRO/AUTO_test_dev_kch/RUNS/Case3_Run400to499/ID12;Case3_Run400to499_ID12;0.923822;0.00087;0.932818;0.000814;-0.308584;0.000416;1.61454;0.000289;1.238257;0.000539;-0.299795;0.000281;1.935438;0.000553;1.670684;0.000423;-0.488615;0.0002;1.67422;0.000183;1.787588;0.000285;-0.416343;0.000147;CONVERGED
4;7.7;51.3;-10;-5;0;-10;(20,9.901,0);(68,9.901,0);(20,-9.901,0);(68,-9.901,0);4profiles700x720_NewRefined750;New_flap25;New_flap25;New_flap25;New_flap25;background4Wings;wing;FF4_AYRO;2;32;/g100_work/FF4_AYRO/AUTO_test_dev_kch/RUNS/Case3_Run400to499/ID13;Case3_Run400to499_ID13;1.243713;0.08711;1.334685;0.160825;-0.383435;0.063947;1.60415;0.003407;1.222164;0.004212;-0.295656;0.001294;1.748469;0.051476;1.597881;0.064393;-0.482586;0.025647;1.682368;0.00864;1.790189;0.008473;-0.416521;0.004303;NOTCONVERGED
4;7.7;51.3;-15;-5;0;-10;(20,9.901,0);(68,9.901,0);(20,-9.901,0);(68,-9.901,0);4profiles700x720_NewRefined750;New_flap25;New_flap25;New_flap25;New_flap25;background4Wings;wing;FF4_AYRO;2;32;/g100_work/FF4_AYRO/AUTO_test_dev_kch/RUNS/Case3_Run400to499/ID14;Case3_Run400to499_ID14;1.313249;0.065264;1.708145;0.207232;-0.441046;0.101295;1.559695;0.019797;1.197575;0.00391;-0.290595;0.003051;1.830131;0.079716;1.666195;0.056852;-0.504133;0.023542;1.572141;0.021648;1.702337;0.017117;-0.40029;0.011065;NOTCONVERGED
4;7.7;51.3;5;-10;0;-10;(20,9.901,0);(68,9.901,0);(20,-9.901,0);(68,-9.901,0);4profiles700x720_NewRefined750;New_flap25;New_flap25;New_flap25;New_flap25;background4Wings;wing;FF4_AYRO;2;32;/g100_work/FF4_AYRO/AUTO_test_dev_kch/RUNS/Case3_Run400to499/ID15;Case3_Run400to499_ID15;1.818958;0.000395;1.185933;0.000386;-0.381027;0.000248;1.202041;0.013158;1.061868;0.018043;-0.245759;0.006383;1.749436;9.5e-05;1.575811;0.000121;-0.475614;5.9e-05;1.637358;0.000466;1.765855;0.000809;-0.413934;0.000296;NOTCONVERGED
4;7.7;51.3;0;-10;0;-10;(20,9.901,0);(68,9.901,0);(20,-9.901,0);(68,-9.901,0);4profiles700x720_NewRefined750;New_flap25;New_flap25;New_flap25;New_flap25;background4Wings;wing;FF4_AYRO;2;32;/g100_work/FF4_AYRO/AUTO_test_dev_kch/RUNS/Case3_Run400to499/ID16;Case3_Run400to499_ID16;2.164008;0.000415;1.432215;0.000396;-0.401623;0.000187;1.533336;0.001308;1.264754;0.000827;-0.27381;0.000234;1.703298;0.000179;1.569914;0.000144;-0.47889;5.7e-05;1.546222;0.000452;1.728596;0.000491;-0.410547;0.000206;NOTCONVERGED
4;7.7;51.3;-5;-10;0;-10;(20,9.901,0);(68,9.901,0);(20,-9.901,0);(68,-9.901,0);4profiles700x720_NewRefined750;New_flap25;New_flap25;New_flap25;New_flap25;background4Wings;wing;FF4_AYRO;2;32;/g100_work/FF4_AYRO/AUTO_test_dev_kch/RUNS/Case3_Run400to499/ID17;Case3_Run400to499_ID17;0.88857;0.000877;0.901699;0.001212;-0.299863;0.000542;0.603396;0.005228;0.761698;0.005784;-0.241906;0.001819;1.955166;0.001047;1.667221;0.000966;-0.485231;0.000411;1.919297;0.014479;1.913927;0.02577;-0.431103;0.011368;NOTCONVERGED
4;7.7;51.3;-10;-10;0;-10;(20,9.901,0);(68,9.901,0);(20,-9.901,0);(68,-9.901,0);4profiles700x720_NewRefined750;New_flap25;New_flap25;New_flap25;New_flap25;background4Wings;wing;FF4_AYRO;2;32;/g100_work/FF4_AYRO/AUTO_test_dev_kch/RUNS/Case3_Run400to499/ID18;Case3_Run400to499_ID18;1.214857;0.084375;1.303077;0.15699;-0.373731;0.062811;0.604024;0.00765;0.760497;0.009835;-0.241488;0.003329;1.765547;0.05277;1.595645;0.064593;-0.479231;0.025759;1.88293;0.021657;1.885359;0.03019;-0.425291;0.013146;NOTCONVERGED
4;7.7;51.3;-15;-10;0;-10;(20,9.901,0);(68,9.901,0);(20,-9.901,0);(68,-9.901,0);4profiles700x720_NewRefined750;New_flap25;New_flap25;New_flap25;New_flap25;background4Wings;wing;FF4_AYRO;2;32;/g100_work/FF4_AYRO/AUTO_test_dev_kch/RUNS/Case3_Run400to499/ID19;Case3_Run400to499_ID19;1.268112;0.062829;1.678332;0.20753;-0.441649;0.099472;0.608686;0.0192;0.767415;0.01738;-0.243717;0.006725;1.830561;0.095973;1.652599;0.060321;-0.498314;0.020355;1.803466;0.020685;1.832322;0.031285;-0.415338;0.015754;NOTCONVERGED
4;7.7;51.3;5;-15;0;-10;(20,9.901,0);(68,9.901,0);(20,-9.901,0);(68,-9.901,0);4profiles700x720_NewRefined750;New_flap25;New_flap25;New_flap25;New_flap25;background4Wings;wing;FF4_AYRO;2;32;/g100_work/FF4_AYRO/AUTO_test_dev_kch/RUNS/Case3_Run400to499/ID20;Case3_Run400to499_ID20;1.842472;0.001126;1.189065;0.00094;-0.381664;0.000364;0.827194;0.051141;1.068204;0.110623;-0.278497;0.045221;1.779713;0.001671;1.594366;0.001895;-0.480134;0.000804;1.730108;0.038287;1.849203;0.067889;-0.43097;0.024043;NOTCONVERGED
4;7.7;51.3;0;-15;0;-10;(20,9.901,0);(68,9.901,0);(20,-9.901,0);(68,-9.901,0);4profiles700x720_NewRefined750;New_flap25;New_flap25;New_flap25;New_flap25;background4Wings;wing;FF4_AYRO;2;32;/g100_work/FF4_AYRO/AUTO_test_dev_kch/RUNS/Case3_Run400to499/ID21;Case3_Run400to499_ID21;2.151598;0.000937;1.413366;0.000899;-0.396004;0.000299;0.840198;0.05192;1.078006;0.110498;-0.281919;0.044279;1.726904;0.001502;1.579096;0.00176;-0.479853;0.000763;1.70148;0.036808;1.825874;0.066086;-0.426552;0.023242;NOTCONVERGED
4;7.7;51.3;-5;-15;0;-10;(20,9.901,0);(68,9.901,0);(20,-9.901,0);(68,-9.901,0);4profiles700x720_NewRefined750;New_flap25;New_flap25;New_flap25;New_flap25;background4Wings;wing;FF4_AYRO;2;32;/g100_work/FF4_AYRO/AUTO_test_dev_kch/RUNS/Case3_Run400to499/ID22;Case3_Run400to499_ID22;0.901154;0.001242;0.917478;0.001528;-0.306917;0.000574;0.821851;0.041658;1.07394;0.095886;-0.282532;0.04099;1.985064;0.002047;1.692434;0.002361;-0.492151;0.001064;1.859662;0.045795;1.911643;0.084537;-0.437267;0.032257;NOTCONVERGED
4;7.7;51.3;-10;-15;0;-10;(20,9.901,0);(68,9.901,0);(20,-9.901,0);(68,-9.901,0);4profiles700x720_NewRefined750;New_flap25;New_flap25;New_flap25;New_flap25;background4Wings;wing;FF4_AYRO;2;32;/g100_work/FF4_AYRO/AUTO_test_dev_kch/RUNS/Case3_Run400to499/ID23;Case3_Run400to499_ID23;1.251724;0.083797;1.357701;0.152826;-0.393084;0.060591;0.817572;0.043887;1.067416;0.096046;-0.280741;0.040724;1.794327;0.053825;1.622809;0.064763;-0.488474;0.02561;1.824357;0.050375;1.888391;0.085992;-0.433856;0.032943;NOTCONVERGED
4;7.7;51.3;-15;-15;0;-10;(20,9.901,0);(68,9.901,0);(20,-9.901,0);(68,-9.901,0);4profiles700x720_NewRefined750;New_flap25;New_flap25;New_flap25;New_flap25;background4Wings;wing;FF4_AYRO;2;32;/g100_work/FF4_AYRO/AUTO_test_dev_kch/RUNS/Case3_Run400to499/ID24;Case3_Run400to499_ID24;1.315035;0.054461;1.737986;0.221825;-0.457563;0.104839;0.818938;0.048;1.071368;0.101338;-0.281459;0.043247;1.808071;0.099543;1.647804;0.06046;-0.499353;0.021391;1.756009;0.060739;1.832694;0.078483;-0.421345;0.02803;NOTCONVERGED
4;7.7;51.3;5;5;-5;-10;(20,9.901,0);(68,9.901,0);(20,-9.901,0);(68,-9.901,0);4profiles700x720_NewRefined750;New_flap25;New_flap25;New_flap25;New_flap25;background4Wings;wing;FF4_AYRO;2;32;/g100_work/FF4_AYRO/AUTO_test_dev_kch/RUNS/Case3_Run400to499/ID25;Case3_Run400to499_ID25;1.778282;0.00017;1.129135;0.000193;-0.357615;0.000102;0.979569;0.000188;0.76133;0.000284;-0.253269;0.000169;2.1225;0.000215;1.934689;0.000353;-0.497877;0.000187;1.591846;0.00023;1.704288;0.000219;-0.401149;0.000124;CONVERGED
4;7.7;51.3;0;5;-5;-10;(20,9.901,0);(68,9.901,0);(20,-9.901,0);(68,-9.901,0);4profiles700x720_NewRefined750;New_flap25;New_flap25;New_flap25;New_flap25;background4Wings;wing;FF4_AYRO;2;32;/g100_work/FF4_AYRO/AUTO_test_dev_kch/RUNS/Case3_Run400to499/ID26;Case3_Run400to499_ID26;2.06549;0.000248;1.334908;0.000376;-0.368593;0.000183;0.947638;0.000183;0.746348;0.000339;-0.250073;0.000216;2.082466;0.000237;1.93473;0.00037;-0.499593;0.000176;1.56447;0.000176;1.689804;0.00041;-0.399264;0.000209;CONVERGED
4;7.7;51.3;-5;5;-5;-10;(20,9.901,0);(68,9.901,0);(20,-9.901,0);(68,-9.901,0);4profiles700x720_NewRefined750;New_flap25;New_flap25;New_flap25;New_flap25;background4Wings;wing;FF4_AYRO;2;32;/g100_work/FF4_AYRO/AUTO_test_dev_kch/RUNS/Case3_Run400to499/ID27;Case3_Run400to499_ID27;0.788401;0.00046;0.824432;0.000793;-0.2792;0.000434;1.090366;0.000115;0.817596;0.000175;-0.26658;0.000103;2.427848;0.000551;2.088951;0.00068;-0.517183;0.000303;1.690291;0.00022;1.747948;0.000337;-0.405553;0.000163;CONVERGED
4;7.7;51.3;-10;5;-5;-10;(20,9.901,0);(68,9.901,0);(20,-9.901,0);(68,-9.901,0);4profiles700x720_NewRefined750;New_flap25;New_flap25;New_flap25;New_flap25;background4Wings;wing;FF4_AYRO;2;32;/g100_work/FF4_AYRO/AUTO_test_dev_kch/RUNS/Case3_Run400to499/ID28;Case3_Run400to499_ID28;1.170925;0.067541;1.272214;0.120128;-0.359111;0.052454;1.047372;0.007388;0.79356;0.005658;-0.260306;0.002656;2.193078;0.059502;2.009242;0.07924;-0.511053;0.030449;1.637492;0.012053;1.719064;0.008023;-0.401116;0.00447;NOTCONVERGED
4;7.7;51.3;-15;5;-5;-10;(20,9.901,0);(68,9.901,0);(20,-9.901,0);(68,-9.901,0);4profiles700x720_NewRefined750;New_flap25;New_flap25;New_flap25;New_flap25;background4Wings;wing;FF4_AYRO;2;32;/g100_work/FF4_AYRO/AUTO_test_dev_kch/RUNS/Case3_Run400to499/ID29;Case3_Run400to499_ID29;1.107709;0.084228;1.469203;0.209443;-0.390472;0.093509;1.018496;0.030776;0.784365;0.010439;-0.259345;0.004279;2.559283;0.160967;2.400706;0.252296;-0.625945;0.131451;1.602002;0.068437;1.683301;0.050107;-0.390736;0.019587;NOTCONVERGED
4;7.7;51.3;5;0;-5;-10;(20,9.901,0);(68,9.901,0);(20,-9.901,0);(68,-9.901,0);4profiles700x720_NewRefined750;New_flap25;New_flap25;New_flap25;New_flap25;background4Wings;wing;FF4_AYRO;2;32;/g100_work/FF4_AYRO/AUTO_test_dev_kch/RUNS/Case3_Run400to499/ID30;Case3_Run400to499_ID30;1.812514;0.000287;1.143929;0.000399;-0.362365;0.000244;1.243255;0.000173;0.978732;0.000338;-0.27519;0.000171;2.144781;0.000155;1.954987;0.000358;-0.503136;0.000231;1.557374;0.000188;1.705527;0.000384;-0.403527;0.000199;CONVERGED
4;7.7;51.3;0;0;-5;-10;(20,9.901,0);(68,9.901,0);(20,-9.901,0);(68,-9.901,0);4profiles700x720_NewRefined750;New_flap25;New_flap25;New_flap25;New_flap25;background4Wings;wing;FF4_AYRO;2;32;/g100_work/FF4_AYRO/AUTO_test_dev_kch/RUNS/Case3_Run400to499/ID31;Case3_Run400to499_ID31;2.101015;0.000274;1.349787;0.000344;-0.37308;0.000166;1.211035;0.000288;0.965598;0.000278;-0.272645;9.1e-05;2.105077;0.000221;1.955128;0.000416;-0.504823;0.000248;1.529918;0.000373;1.690447;0.000448;-0.401635;0.00013;CONVERGED
4;7.7;51.3;-5;0;-5;-10;(20,9.901,0);(68,9.901,0);(20,-9.901,0);(68,-9.901,0);4profiles700x720_NewRefined750;New_flap25;New_flap25;New_flap25;New_flap25;background4Wings;wing;FF4_AYRO;2;32;/g100_work/FF4_AYRO/AUTO_test_dev_kch/RUNS/Case3_Run400to499/ID32;Case3_Run400to499_ID32;0.7957;0.001336;0.833873;0.001591;-0.28368;0.000765;1.361702;0.000159;1.034583;0.000351;-0.28675;0.0002;2.460054;0.001142;2.114273;0.00122;-0.522737;0.000573;1.657441;0.000285;1.752163;0.000333;-0.408249;0.000179;NOTCONVERGED
4;7.7;51.3;-10;0;-5;-10;(20,9.901,0);(68,9.901,0);(20,-9.901,0);(68,-9.901,0);4profiles700x720_NewRefined750;New_flap25;New_flap25;New_flap25;New_flap25;background4Wings;wing;FF4_AYRO;2;32;/g100_work/FF4_AYRO/AUTO_test_dev_kch/RUNS/Case3_Run400to499/ID33;Case3_Run400to499_ID33;1.182856;0.064612;1.291817;0.123951;-0.36735;0.054583;1.314671;0.007421;1.009042;0.005872;-0.280912;0.002615;2.2256;0.062975;2.040522;0.078993;-0.520255;0.030789;1.611359;0.01029;1.729166;0.009614;-0.405536;0.006331;NOTCONVERGED
4;7.7;51.3;-15;0;-5;-10;(20,9.901,0);(68,9.901,0);(20,-9.901,0);(68,-9.901,0);4profiles700x720_NewRefined750;New_flap25;New_flap25;New_flap25;New_flap25;background4Wings;wing;FF4_AYRO;2;32;/g100_work/FF4_AYRO/AUTO_test_dev_kch/RUNS/Case3_Run400to499/ID34;Case3_Run400to499_ID34;1.171763;0.110896;1.551118;0.233821;-0.414845;0.103186;1.277623;0.026097;0.992525;0.006221;-0.276992;0.004375;2.518887;0.077671;2.405667;0.165893;-0.63288;0.098264;1.552234;0.059444;1.67438;0.042028;-0.391594;0.014475;NOTCONVERGED
4;7.7;51.3;5;-5;-5;-10;(20,9.901,0);(68,9.901,0);(20,-9.901,0);(68,-9.901,0);4profiles700x720_NewRefined750;New_flap25;New_flap25;New_flap25;New_flap25;background4Wings;wing;FF4_AYRO;2;32;/g100_work/FF4_AYRO/AUTO_test_dev_kch/RUNS/Case3_Run400to499/ID35;Case3_Run400to499_ID35;1.844159;0.000335;1.157389;0.000435;-0.366799;0.000263;1.469901;0.000234;1.17416;0.000371;-0.288229;0.000204;2.164399;0.000301;1.972848;0.000329;-0.507745;0.000166;1.527405;0.000251;1.705081;0.000357;-0.40545;0.000151;CONVERGED
4;7.7;51.3;0;-5;-5;-10;(20,9.901,0);(68,9.901,0);(20,-9.901,0);(68,-9.901,0);4profiles700x720_NewRefined750;New_flap25;New_flap25;New_flap25;New_flap25;background4Wings;wing;FF4_AYRO;2;32;/g100_work/FF4_AYRO/AUTO_test_dev_kch/RUNS/Case3_Run400to499/ID36;Case3_Run400to499_ID36;2.134269;0.000181;1.363591;0.000266;-0.37732;0.000147;1.439727;0.000128;1.164264;0.000174;-0.286673;7.4e-05;2.124467;0.000359;1.973347;0.000403;-0.509563;0.000207;1.499871;0.000493;1.689872;0.000684;-0.403736;0.000326;CONVERGED
4;7.7;51.3;-5;-5;-5;-10;(20,9.901,0);(68,9.901,0);(20,-9.901,0);(68,-9.901,0);4profiles700x720_NewRefined750;New_flap25;New_flap25;New_flap25;New_flap25;background4Wings;wing;FF4_AYRO;2;32;/g100_work/FF4_AYRO/AUTO_test_dev_kch/RUNS/Case3_Run400to499/ID37;Case3_Run400to499_ID37;0.801278;0.000437;0.843561;0.000407;-0.288317;0.000177;1.585821;0.000151;1.224311;0.000218;-0.296788;0.000146;2.489356;0.001586;2.136812;0.001766;-0.527711;0.000788;1.629233;0.000257;1.753704;0.00027;-0.410059;0.000132;NOTCONVERGED
4;7.7;51.3;-10;-5;-5;-10;(20,9.901,0);(68,9.901,0);(20,-9.901,0);(68,-9.901,0);4profiles700x720_NewRefined750;New_flap25;New_flap25;New_flap25;New_flap25;background4Wings;wing;FF4_AYRO;2;32;/g100_work/FF4_AYRO/AUTO_test_dev_kch/RUNS/Case3_Run400to499/ID38;Case3_Run400to499_ID38;1.189569;0.064049;1.282759;0.130307;-0.361302;0.057369;1.54084;0.006766;1.200565;0.004555;-0.292284;0.001933;2.252762;0.064713;2.06088;0.08007;-0.523468;0.030979;1.590154;0.012313;1.738793;0.011903;-0.410718;0.007718;NOTCONVERGED
4;7.7;51.3;-15;-5;-5;-10;(20,9.901,0);(68,9.901,0);(20,-9.901,0);(68,-9.901,0);4profiles700x720_NewRefined750;New_flap25;New_flap25;New_flap25;New_flap25;background4Wings;wing;FF4_AYRO;2;32;/g100_work/FF4_AYRO/AUTO_test_dev_kch/RUNS/Case3_Run400to499/ID39;Case3_Run400to499_ID39;1.244178;0.090888;1.706685;0.209374;-0.45114;0.095892;1.488911;0.020883;1.178744;0.009651;-0.288521;0.003041;2.583987;0.114194;2.40608;0.134091;-0.614518;0.066856;1.50928;0.057465;1.672974;0.042108;-0.39807;0.007527;NOTCONVERGED
4;7.7;51.3;5;-10;-5;-10;(20,9.901,0);(68,9.901,0);(20,-9.901,0);(68,-9.901,0);4profiles700x720_NewRefined750;New_flap25;New_flap25;New_flap25;New_flap25;background4Wings;wing;FF4_AYRO;2;32;/g100_work/FF4_AYRO/AUTO_test_dev_kch/RUNS/Case3_Run400to499/ID40;Case3_Run400to499_ID40;1.853085;0.00077;1.160048;0.000454;-0.36775;0.000184;1.471781;0.006496;1.222894;0.003982;-0.265001;0.000935;2.171885;0.000619;1.97821;0.000674;-0.509119;0.000246;1.530593;0.001016;1.711437;0.000343;-0.406995;0.0002;NOTCONVERGED
4;7.7;51.3;0;-10;-5;-10;(20,9.901,0);(68,9.901,0);(20,-9.901,0);(68,-9.901,0);4profiles700x720_NewRefined750;New_flap25;New_flap25;New_flap25;New_flap25;background4Wings;wing;FF4_AYRO;2;32;/g100_work/FF4_AYRO/AUTO_test_dev_kch/RUNS/Case3_Run400to499/ID41;Case3_Run400to499_ID41;2.154005;0.000271;1.370954;0.000305;-0.379673;0.000152;1.542399;0.000733;1.27938;0.000611;-0.278252;0.000207;2.137426;0.000174;1.984226;0.000328;-0.512259;0.000173;1.486178;0.000166;1.690606;0.000195;-0.404933;7.8e-05;CONVERGED
4;7.7;51.3;-5;-10;-5;-10;(20,9.901,0);(68,9.901,0);(20,-9.901,0);(68,-9.901,0);4profiles700x720_NewRefined750;New_flap25;New_flap25;New_flap25;New_flap25;background4Wings;wing;FF4_AYRO;2;32;/g100_work/FF4_AYRO/AUTO_test_dev_kch/RUNS/Case3_Run400to499/ID42;Case3_Run400to499_ID42;0.77398;0.000766;0.818446;0.000986;-0.28065;0.000451;0.6225;0.007329;0.777298;0.008867;-0.245488;0.002947;2.489439;0.00126;2.116474;0.001175;-0.521092;0.00054;1.841985;0.014645;1.863953;0.025541;-0.422714;0.01146;NOTCONVERGED
4;7.7;51.3;-10;-10;-5;-10;(20,9.901,0);(68,9.901,0);(20,-9.901,0);(68,-9.901,0);4profiles700x720_NewRefined750;New_flap25;New_flap25;New_flap25;New_flap25;background4Wings;wing;FF4_AYRO;2;32;/g100_work/FF4_AYRO/AUTO_test_dev_kch/RUNS/Case3_Run400to499/ID43;Case3_Run400to499_ID43;1.136348;0.059198;1.241994;0.116793;-0.354177;0.051302;0.646931;0.010615;0.799524;0.01507;-0.251028;0.005343;2.262611;0.062988;2.046529;0.078313;-0.518975;0.030806;1.743256;0.012339;1.808797;0.0217;-0.414216;0.010609;NOTCONVERGED
4;7.7;51.3;-15;-10;-5;-10;(20,9.901,0);(68,9.901,0);(20,-9.901,0);(68,-9.901,0);4profiles700x720_NewRefined750;New_flap25;New_flap25;New_flap25;New_flap25;background4Wings;wing;FF4_AYRO;2;32;/g100_work/FF4_AYRO/AUTO_test_dev_kch/RUNS/Case3_Run400to499/ID44;Case3_Run400to499_ID44;1.207208;0.107308;1.58123;0.253806;-0.40459;0.105251;0.642909;0.01979;0.791826;0.014741;-0.248348;0.0046;2.588105;0.138718;2.407719;0.155608;-0.611715;0.083874;1.654759;0.045331;1.710436;0.034527;-0.388893;0.013776;NOTCONVERGED
4;7.7;51.3;5;-15;-5;-10;(20,9.901,0);(68,9.901,0);(20,-9.901,0);(68,-9.901,0);4profiles700x720_NewRefined750;New_flap25;New_flap25;New_flap25;New_flap25;background4Wings;wing;FF4_AYRO;2;32;/g100_work/FF4_AYRO/AUTO_test_dev_kch/RUNS/Case3_Run400to499/ID45;Case3_Run400to499_ID45;1.85414;0.000993;1.150796;0.000872;-0.364526;0.000327;0.825179;0.053247;1.063329;0.116381;-0.280069;0.046865;2.192713;0.001281;1.983181;0.001879;-0.509684;0.000737;1.675796;0.036622;1.816251;0.065429;-0.426421;0.022496;NOTCONVERGED
4;7.7;51.3;0;-15;-5;-10;(20,9.901,0);(68,9.901,0);(20,-9.901,0);(68,-9.901,0);4profiles700x720_NewRefined750;New_flap25;New_flap25;New_flap25;New_flap25;background4Wings;wing;FF4_AYRO;2;32;/g100_work/FF4_AYRO/AUTO_test_dev_kch/RUNS/Case3_Run400to499/ID46;Case3_Run400to499_ID46;2.130941;0.000812;1.348574;0.000655;-0.372923;0.000262;0.82142;0.054132;1.055079;0.119784;-0.278663;0.046839;2.151176;0.001184;1.982412;0.001735;-0.511015;0.000685;1.641314;0.035321;1.792821;0.062445;-0.422085;0.021328;NOTCONVERGED
4;7.7;51.3;-5;-15;-5;-10;(20,9.901,0);(68,9.901,0);(20,-9.901,0);(68,-9.901,0);4profiles700x720_NewRefined750;New_flap25;New_flap25;New_flap25;New_flap25;background4Wings;wing;FF4_AYRO;2;32;/g100_work/FF4_AYRO/AUTO_test_dev_kch/RUNS/Case3_Run400to499/ID47;Case3_Run400to499_ID47;0.783518;0.001437;0.832557;0.001642;-0.28726;0.000637;0.815414;0.041764;1.066941;0.096462;-0.280284;0.041114;2.53791;0.00239;2.153553;0.002912;-0.529014;0.001152;1.813711;0.04331;1.878422;0.08012;-0.431578;0.030504;NOTCONVERGED
4;7.7;51.3;-10;-15;-5;-10;(20,9.901,0);(68,9.901,0);(20,-9.901,0);(68,-9.901,0);4profiles700x720_NewRefined750;New_flap25;New_flap25;New_flap25;New_flap25;background4Wings;wing;FF4_AYRO;2;32;/g100_work/FF4_AYRO/AUTO_test_dev_kch/RUNS/Case3_Run400to499/ID48;Case3_Run400to499_ID48;1.168867;0.057404;1.268825;0.12289;-0.360159;0.055702;0.819083;0.04442;1.061634;0.096978;-0.277487;0.041828;2.30142;0.064493;2.079295;0.079515;-0.526578;0.031037;1.714624;0.044449;1.814748;0.079144;-0.420412;0.032552;NOTCONVERGED
4;7.7;51.3;-15;-15;-5;-10;(20,9.901,0);(68,9.901,0);(20,-9.901,0);(68,-9.901,0);4profiles700x720_NewRefined750;New_flap25;New_flap25;New_flap25;New_flap25;background4Wings;wing;FF4_AYRO;2;32;/g100_work/FF4_AYRO/AUTO_test_dev_kch/RUNS/Case3_Run400to499/ID49;Case3_Run400to499_ID49;0.902252;0.053469;1.264251;0.122519;-0.364992;0.07299;0.845122;0.053652;1.089486;0.112438;-0.284761;0.04801;2.339961;0.094624;2.167446;0.089479;-0.537292;0.039178;1.70804;0.08252;1.797541;0.078949;-0.414215;0.026874;NOTCONVERGED
4;7.7;51.3;5;5;-10;-10;(20,9.901,0);(68,9.901,0);(20,-9.901,0);(68,-9.901,0);4profiles700x720_NewRefined750;New_flap25;New_flap25;New_flap25;New_flap25;background4Wings;wing;FF4_AYRO;2;32;/g100_work/FF4_AYRO/AUTO_test_dev_kch/RUNS/Case3_Run400to499/ID50;Case3_Run400to499_ID50;1.782399;0.000123;1.094064;0.000291;-0.342257;0.00017;0.945493;0.000131;0.743539;0.000239;-0.248948;0.000154;2.453487;0.000588;2.262817;0.000618;-0.508437;0.000294;1.54974;0.000264;1.678465;0.000272;-0.39738;0.000169;CONVERGED
4;7.7;51.3;0;5;-10;-10;(20,9.901,0);(68,9.901,0);(20,-9.901,0);(68,-9.901,0);4profiles700x720_NewRefined750;New_flap25;New_flap25;New_flap25;New_flap25;background4Wings;wing;FF4_AYRO;2;32;/g100_work/FF4_AYRO/AUTO_test_dev_kch/RUNS/Case3_Run400to499/ID51;Case3_Run400to499_ID51;2.040053;0.00025;1.275976;0.000443;-0.347933;0.000226;0.916839;0.000117;0.729945;0.000152;-0.24625;0.000101;2.428896;0.000642;2.277922;0.000974;-0.511914;0.000537;1.523485;0.000261;1.663684;0.000294;-0.39519;0.000116;CONVERGED
4;7.7;51.3;-5;5;-10;-10;(20,9.901,0);(68,9.901,0);(20,-9.901,0);(68,-9.901,0);4profiles700x720_NewRefined750;New_flap25;New_flap25;New_flap25;New_flap25;background4Wings;wing;FF4_AYRO;2;32;/g100_work/FF4_AYRO/AUTO_test_dev_kch/RUNS/Case3_Run400to499/ID52;Case3_Run400to499_ID52;0.711957;0.000469;0.762123;0.000568;-0.262962;0.000305;1.060842;0.000214;0.802072;0.000329;-0.262405;0.000229;2.892617;0.002168;2.491941;0.001762;-0.529731;0.000667;1.648185;0.000168;1.719005;0.000431;-0.400361;0.000225;NOTCONVERGED
4;7.7;51.3;-10;5;-10;-10;(20,9.901,0);(68,9.901,0);(20,-9.901,0);(68,-9.901,0);4profiles700x720_NewRefined750;New_flap25;New_flap25;New_flap25;New_flap25;background4Wings;wing;FF4_AYRO;2;32;/g100_work/FF4_AYRO/AUTO_test_dev_kch/RUNS/Case3_Run400to499/ID53;Case3_Run400to499_ID53;1.003551;0.042995;1.09321;0.084546;-0.308883;0.039644;1.018011;0.00802;0.780315;0.004951;-0.257432;0.002582;2.65257;0.051978;2.436391;0.062919;-0.536073;0.024662;1.607248;0.011152;1.701604;0.010802;-0.398415;0.007982;NOTCONVERGED
4;7.7;51.3;-15;5;-10;-10;(20,9.901,0);(68,9.901,0);(20,-9.901,0);(68,-9.901,0);4profiles700x720_NewRefined750;New_flap25;New_flap25;New_flap25;New_flap25;background4Wings;wing;FF4_AYRO;2;32;/g100_work/FF4_AYRO/AUTO_test_dev_kch/RUNS/Case3_Run400to499/ID54;Case3_Run400to499_ID54;1.114658;0.084038;1.533767;0.204548;-0.397503;0.088645;0.982345;0.005908;0.761599;0.004303;-0.252535;0.002197;3.066706;0.287335;2.81402;0.244421;-0.603364;0.123967;1.544027;0.03683;1.644372;0.028734;-0.386314;0.009396;NOTCONVERGED
4;7.7;51.3;5;0;-10;-10;(20,9.901,0);(68,9.901,0);(20,-9.901,0);(68,-9.901,0);4profiles700x720_NewRefined750;New_flap25;New_flap25;New_flap25;New_flap25;background4Wings;wing;FF4_AYRO;2;32;/g100_work/FF4_AYRO/AUTO_test_dev_kch/RUNS/Case3_Run400to499/ID55;Case3_Run400to499_ID55;1.817209;0.000155;1.108342;0.000282;-0.346997;0.000164;1.208024;0.00013;0.961755;0.000183;-0.271609;0.000106;2.480281;0.000129;2.287463;0.000277;-0.514069;0.000102;1.513889;0.000105;1.677616;0.00028;-0.399242;0.000149;CONVERGED
4;7.7;51.3;0;0;-10;-10;(20,9.901,0);(68,9.901,0);(20,-9.901,0);(68,-9.901,0);4profiles700x720_NewRefined750;New_flap25;New_flap25;New_flap25;New_flap25;background4Wings;wing;FF4_AYRO;2;32;/g100_work/FF4_AYRO/AUTO_test_dev_kch/RUNS/Case3_Run400to499/ID56;Case3_Run400to499_ID56;2.074588;0.000149;1.289392;0.000284;-0.351933;0.000155;1.178436;0.000115;0.94955;0.000216;-0.269288;0.000123;2.456191;0.000323;2.303161;0.00049;-0.517804;0.000229;1.487912;0.00021;1.6628;0.000373;-0.397278;0.00019;CONVERGED
4;7.7;51.3;-5;0;-10;-10;(20,9.901,0);(68,9.901,0);(20,-9.901,0);(68,-9.901,0);4profiles700x720_NewRefined750;New_flap25;New_flap25;New_flap25;New_flap25;background4Wings;wing;FF4_AYRO;2;32;/g100_work/FF4_AYRO/AUTO_test_dev_kch/RUNS/Case3_Run400to499/ID57;Case3_Run400to499_ID57;0.722856;0.000459;0.773299;0.000631;-0.267641;0.000288;1.329235;0.000159;1.018841;0.000205;-0.283074;0.000121;2.930615;0.00188;2.521962;0.001813;-0.535231;0.000865;1.613509;0.000241;1.721125;0.000371;-0.402574;0.000148;NOTCONVERGED
4;7.7;51.3;-10;0;-10;-10;(20,9.901,0);(68,9.901,0);(20,-9.901,0);(68,-9.901,0);4profiles700x720_NewRefined750;New_flap25;New_flap25;New_flap25;New_flap25;background4Wings;wing;FF4_AYRO;2;32;/g100_work/FF4_AYRO/AUTO_test_dev_kch/RUNS/Case3_Run400to499/ID58;Case3_Run400to499_ID58;1.032067;0.038505;1.132338;0.089768;-0.323284;0.042595;1.279518;0.010109;0.990733;0.005217;-0.276562;0.002745;2.709854;0.059715;2.494891;0.082677;-0.552017;0.034981;1.552768;0.021694;1.687773;0.015764;-0.399359;0.010384;NOTCONVERGED
4;7.7;51.3;-15;0;-10;-10;(20,9.901,0);(68,9.901,0);(20,-9.901,0);(68,-9.901,0);4profiles700x720_NewRefined750;New_flap25;New_flap25;New_flap25;New_flap25;background4Wings;wing;FF4_AYRO;2;32;/g100_work/FF4_AYRO/AUTO_test_dev_kch/RUNS/Case3_Run400to499/ID59;Case3_Run400to499_ID59;1.040085;0.112462;1.446861;0.199784;-0.393903;0.08486;1.252645;0.02465;0.985751;0.00908;-0.276333;0.004108;2.938077;0.344013;2.748634;0.308209;-0.560936;0.148047;1.526273;0.05906;1.665524;0.043241;-0.393812;0.013194;NOTCONVERGED
4;7.7;51.3;5;-5;-10;-10;(20,9.901,0);(68,9.901,0);(20,-9.901,0);(68,-9.901,0);4profiles700x720_NewRefined750;New_flap25;New_flap25;New_flap25;New_flap25;background4Wings;wing;FF4_AYRO;2;32;/g100_work/FF4_AYRO/AUTO_test_dev_kch/RUNS/Case3_Run400to499/ID60;Case3_Run400to499_ID60;1.849041;0.000237;1.12112;0.000281;-0.351254;0.000166;1.434666;0.000305;1.158718;0.000373;-0.285431;0.000194;2.504775;0.000354;2.309918;0.000465;-0.519276;0.000203;1.482752;0.000141;1.675777;0.00021;-0.400993;0.000109;CONVERGED
4;7.7;51.3;0;-5;-10;-10;(20,9.901,0);(68,9.901,0);(20,-9.901,0);(68,-9.901,0);4profiles700x720_NewRefined750;New_flap25;New_flap25;New_flap25;New_flap25;background4Wings;wing;FF4_AYRO;2;32;/g100_work/FF4_AYRO/AUTO_test_dev_kch/RUNS/Case3_Run400to499/ID61;Case3_Run400to499_ID61;2.105207;0.000234;1.301051;0.000255;-0.355391;0.000125;1.406972;0.000264;1.149556;0.00034;-0.284063;0.000186;2.480631;0.000223;2.325532;0.000365;-0.522938;0.000153;1.456332;0.000128;1.660195;0.000245;-0.398905;0.000142;CONVERGED
4;7.7;51.3;-5;-5;-10;-10;(20,9.901,0);(68,9.901,0);(20,-9.901,0);(68,-9.901,0);4profiles700x720_NewRefined750;New_flap25;New_flap25;New_flap25;New_flap25;background4Wings;wing;FF4_AYRO;2;32;/g100_work/FF4_AYRO/AUTO_test_dev_kch/RUNS/Case3_Run400to499/ID62;Case3_Run400to499_ID62;0.732342;0.000696;0.782469;0.000725;-0.271479;0.000271;1.553322;0.000165;1.209589;0.000223;-0.293757;0.000124;2.962821;0.002398;2.547619;0.00259;-0.539914;0.001204;1.583734;0.000165;1.721391;0.00022;-0.404287;0.000127;NOTCONVERGED
4;7.7;51.3;-10;-5;-10;-10;(20,9.901,0);(68,9.901,0);(20,-9.901,0);(68,-9.901,0);4profiles700x720_NewRefined750;New_flap25;New_flap25;New_flap25;New_flap25;background4Wings;wing;FF4_AYRO;2;32;/g100_work/FF4_AYRO/AUTO_test_dev_kch/RUNS/Case3_Run400to499/ID63;Case3_Run400to499_ID63;1.02726;0.034636;1.128057;0.082826;-0.323214;0.041271;1.50489;0.009027;1.185224;0.004447;-0.28926;0.002262;2.715955;0.054423;2.484172;0.072402;-0.542749;0.0305;1.535103;0.021081;1.700344;0.017885;-0.403898;0.012589;NOTCONVERGED
4;7.7;51.3;-15;-5;-10;-10;(20,9.901,0);(68,9.901,0);(20,-9.901,0);(68,-9.901,0);4profiles700x720_NewRefined750;New_flap25;New_flap25;New_flap25;New_flap25;background4Wings;wing;FF4_AYRO;2;32;/g100_work/FF4_AYRO/AUTO_test_dev_kch/RUNS/Case3_Run400to499/ID64;Case3_Run400to499_ID64;0.998099;0.143688;1.422188;0.234491;-0.403522;0.092981;1.494562;0.020345;1.171556;0.009982;-0.285041;0.002295;2.801856;0.278084;2.655834;0.198032;-0.554513;0.093745;1.492266;0.056097;1.639688;0.033063;-0.386847;0.007262;NOTCONVERGED
4;7.7;51.3;5;-10;-10;-10;(20,9.901,0);(68,9.901,0);(20,-9.901,0);(68,-9.901,0);4profiles700x720_NewRefined750;New_flap25;New_flap25;New_flap25;New_flap25;background4Wings;wing;FF4_AYRO;2;32;/g100_work/FF4_AYRO/AUTO_test_dev_kch/RUNS/Case3_Run400to499/ID65;Case3_Run400to499_ID65;1.867074;0.000201;1.127622;0.000307;-0.353329;0.000175;1.532218;0.000399;1.269636;0.000337;-0.27624;0.000125;2.519711;0.000392;2.32246;0.000353;-0.522141;0.000146;1.471569;0.000144;1.678557;0.000208;-0.402915;0.000116;CONVERGED
4;7.7;51.3;0;-10;-10;-10;(20,9.901,0);(68,9.901,0);(20,-9.901,0);(68,-9.901,0);4profiles700x720_NewRefined750;New_flap25;New_flap25;New_flap25;New_flap25;background4Wings;wing;FF4_AYRO;2;32;/g100_work/FF4_AYRO/AUTO_test_dev_kch/RUNS/Case3_Run400to499/ID66;Case3_Run400to499_ID66;2.126488;0.000181;1.30873;0.000308;-0.357962;0.000174;1.529197;0.000188;1.27829;0.000298;-0.27909;0.000153;2.497818;0.000305;2.340167;0.000462;-0.5262;0.000214;1.441274;0.000253;1.661399;0.000342;-0.400788;0.000177;CONVERGED
4;7.7;51.3;-5;-10;-10;-10;(20,9.901,0);(68,9.901,0);(20,-9.901,0);(68,-9.901,0);4profiles700x720_NewRefined750;New_flap25;New_flap25;New_flap25;New_flap25;background4Wings;wing;FF4_AYRO;2;32;/g100_work/FF4_AYRO/AUTO_test_dev_kch/RUNS/Case3_Run400to499/ID67;Case3_Run400to499_ID67;0.712905;0.000758;0.762803;0.000967;-0.264896;0.000428;0.636145;0.008822;0.789111;0.011142;-0.248121;0.003702;2.936761;0.000952;2.505758;0.001331;-0.52896;0.000642;1.772056;0.012549;1.819708;0.022464;-0.415388;0.010385;NOTCONVERGED
4;7.7;51.3;-10;-10;-10;-10;(20,9.901,0);(68,9.901,0);(20,-9.901,0);(68,-9.901,0);4profiles700x720_NewRefined750;New_flap25;New_flap25;New_flap25;New_flap25;background4Wings;wing;FF4_AYRO;2;32;/g100_work/FF4_AYRO/AUTO_test_dev_kch/RUNS/Case3_Run400to499/ID68;Case3_Run400to499_ID68;0.995784;0.032925;1.085341;0.090112;-0.308554;0.042654;0.656611;0.012062;0.803385;0.014146;-0.250352;0.004733;2.745017;0.053564;2.506808;0.066724;-0.554493;0.029024;1.671983;0.016548;1.762247;0.019629;-0.408097;0.009446;NOTCONVERGED
4;7.7;51.3;-15;-10;-10;-10;(20,9.901,0);(68,9.901,0);(20,-9.901,0);(68,-9.901,0);4profiles700x720_NewRefined750;New_flap25;New_flap25;New_flap25;New_flap25;background4Wings;wing;FF4_AYRO;2;32;/g100_work/FF4_AYRO/AUTO_test_dev_kch/RUNS/Case3_Run400to499/ID69;Case3_Run400to499_ID69;1.07453;0.068952;1.45572;0.149784;-0.367891;0.074235;0.651494;0.013071;0.797387;0.012787;-0.244306;0.004404;3.063004;0.182533;2.73282;0.131818;-0.541402;0.053076;1.657669;0.035003;1.756941;0.029469;-0.408213;0.010718;NOTCONVERGED
4;7.7;51.3;5;-15;-10;-10;(20,9.901,0);(68,9.901,0);(20,-9.901,0);(68,-9.901,0);4profiles700x720_NewRefined750;New_flap25;New_flap25;New_flap25;New_flap25;background4Wings;wing;FF4_AYRO;2;32;/g100_work/FF4_AYRO/AUTO_test_dev_kch/RUNS/Case3_Run400to499/ID70;Case3_Run400to499_ID70;1.855517;0.000806;1.113909;0.000586;-0.348972;0.000256;0.821666;0.054321;1.064412;0.116643;-0.282944;0.044683;2.525361;0.000888;2.312284;0.0016;-0.519506;0.000566;1.62987;0.033382;1.78505;0.059636;-0.421819;0.020345;NOTCONVERGED
4;7.7;51.3;0;-15;-10;-10;(20,9.901,0);(68,9.901,0);(20,-9.901,0);(68,-9.901,0);4profiles700x720_NewRefined750;New_flap25;New_flap25;New_flap25;New_flap25;background4Wings;wing;FF4_AYRO;2;32;/g100_work/FF4_AYRO/AUTO_test_dev_kch/RUNS/Case3_Run400to499/ID71;Case3_Run400to499_ID71;2.090289;0.000487;1.283035;0.00042;-0.350309;0.000206;0.782531;0.047936;1.015059;0.106723;-0.269784;0.041057;2.493409;0.000814;2.320961;0.001349;-0.521463;0.000483;1.584872;0.030046;1.749569;0.051495;-0.414019;0.017313;NOTCONVERGED
4;7.7;51.3;-5;-15;-10;-10;(20,9.901,0);(68,9.901,0);(20,-9.901,0);(68,-9.901,0);4profiles700x720_NewRefined750;New_flap25;New_flap25;New_flap25;New_flap25;background4Wings;wing;FF4_AYRO;2;32;/g100_work/FF4_AYRO/AUTO_test_dev_kch/RUNS/Case3_Run400to499/ID72;Case3_Run400to499_ID72;0.725663;0.001397;0.777362;0.001625;-0.27116;0.000565;0.804806;0.045793;1.049083;0.097501;-0.275143;0.03978;2.992516;0.003175;2.54794;0.003689;-0.536091;0.001436;1.757427;0.039734;1.845002;0.076101;-0.426615;0.028168;NOTCONVERGED
4;7.7;51.3;-10;-15;-10;-10;(20,9.901,0);(68,9.901,0);(20,-9.901,0);(68,-9.901,0);4profiles700x720_NewRefined750;New_flap25;New_flap25;New_flap25;New_flap25;background4Wings;wing;FF4_AYRO;2;32;/g100_work/FF4_AYRO/AUTO_test_dev_kch/RUNS/Case3_Run400to499/ID73;Case3_Run400to499_ID73;1.079091;0.02825;1.17854;0.096667;-0.330303;0.051299;0.826482;0.04657;1.08458;0.105783;-0.28549;0.045029;2.83289;0.031095;2.607114;0.032871;-0.585763;0.013167;1.659857;0.039448;1.790027;0.06797;-0.419763;0.025155;NOTCONVERGED
4;7.7;51.3;-15;-15;-10;-10;(20,9.901,0);(68,9.901,0);(20,-9.901,0);(68,-9.901,0);4profiles700x720_NewRefined750;New_flap25;New_flap25;New_flap25;New_flap25;background4Wings;wing;FF4_AYRO;2;32;/g100_work/FF4_AYRO/AUTO_test_dev_kch/RUNS/Case3_Run400to499/ID74;Case3_Run400to499_ID74;0.877462;0.061492;1.26252;0.093913;-0.369038;0.041201;0.804843;0.053284;1.071406;0.114457;-0.284283;0.047896;2.923992;0.117078;2.625516;0.098752;-0.53323;0.05064;1.703239;0.061587;1.815765;0.071397;-0.425058;0.027967;NOTCONVERGED
4;7.7;51.3;5;5;-15;-10;(20,9.901,0);(68,9.901,0);(20,-9.901,0);(68,-9.901,0);4profiles700x720_NewRefined750;New_flap25;New_flap25;New_flap25;New_flap25;background4Wings;wing;FF4_AYRO;2;32;/g100_work/FF4_AYRO/AUTO_test_dev_kch/RUNS/Case3_Run400to499/ID75;Case3_Run400to499_ID75;1.525849;0.000502;1.07168;0.000897;-0.346851;0.000469;1.061974;0.000732;0.813875;0.000576;-0.268582;0.000258;1.112676;0.018249;1.573699;0.033505;-0.462285;0.013121;1.743982;0.000529;1.814304;0.000935;-0.421167;0.000361;NOTCONVERGED
4;7.7;51.3;0;5;-15;-10;(20,9.901,0);(68,9.901,0);(20,-9.901,0);(68,-9.901,0);4profiles700x720_NewRefined750;New_flap25;New_flap25;New_flap25;New_flap25;background4Wings;wing;FF4_AYRO;2;32;/g100_work/FF4_AYRO/AUTO_test_dev_kch/RUNS/Case3_Run400to499/ID76;Case3_Run400to499_ID76;1.86979;0.000201;1.322427;0.001277;-0.370419;0.000635;1.016667;0.000695;0.792173;0.000418;-0.263651;0.000173;1.139231;0.017819;1.585128;0.035495;-0.4533;0.014665;1.698987;0.000326;1.789352;0.000931;-0.417293;0.00033;NOTCONVERGED
4;7.7;51.3;-5;5;-15;-10;(20,9.901,0);(68,9.901,0);(20,-9.901,0);(68,-9.901,0);4profiles700x720_NewRefined750;New_flap25;New_flap25;New_flap25;New_flap25;background4Wings;wing;FF4_AYRO;2;32;/g100_work/FF4_AYRO/AUTO_test_dev_kch/RUNS/Case3_Run400to499/ID77;Case3_Run400to499_ID77;2.116697;0.000696;1.519253;0.001699;-0.376044;0.000798;0.983601;0.000705;0.776468;0.000372;-0.260398;0.000151;1.160493;0.0171;1.593093;0.0353;-0.444819;0.014911;1.667403;0.000457;1.773061;0.000942;-0.415237;0.000314;NOTCONVERGED
4;7.7;51.3;-10;5;-15;-10;(20,9.901,0);(68,9.901,0);(20,-9.901,0);(68,-9.901,0);4profiles700x720_NewRefined750;New_flap25;New_flap25;New_flap25;New_flap25;background4Wings;wing;FF4_AYRO;2;32;/g100_work/FF4_AYRO/AUTO_test_dev_kch/RUNS/Case3_Run400to499/ID78;Case3_Run400to499_ID78;1.135055;0.055696;1.247124;0.106223;-0.361358;0.042204;1.11821;0.003114;0.842851;0.002345;-0.275706;0.000911;1.115178;0.026286;1.563416;0.045319;-0.447856;0.017553;1.797954;0.008326;1.840849;0.009866;-0.424286;0.00272;NOTCONVERGED
4;7.7;51.3;-15;5;-15;-10;(20,9.901,0);(68,9.901,0);(20,-9.901,0);(68,-9.901,0);4profiles700x720_NewRefined750;New_flap25;New_flap25;New_flap25;New_flap25;background4Wings;wing;FF4_AYRO;2;32;/g100_work/FF4_AYRO/AUTO_test_dev_kch/RUNS/Case3_Run400to499/ID79;Case3_Run400to499_ID79;1.099744;0.048896;1.432995;0.125741;-0.393557;0.051053;1.11475;0.012486;0.84016;0.009123;-0.274666;0.005016;1.134185;0.033713;1.588929;0.084133;-0.448186;0.037476;1.782925;0.013615;1.836462;0.010216;-0.425514;0.008848;NOTCONVERGED
4;7.7;51.3;5;0;-15;-10;(20,9.901,0);(68,9.901,0);(20,-9.901,0);(68,-9.901,0);4profiles700x720_NewRefined750;New_flap25;New_flap25;New_flap25;New_flap25;background4Wings;wing;FF4_AYRO;2;32;/g100_work/FF4_AYRO/AUTO_test_dev_kch/RUNS/Case3_Run400to499/ID80;Case3_Run400to499_ID80;1.559303;0.000452;1.087807;0.000924;-0.351775;0.000482;1.335314;0.000636;1.037718;0.000547;-0.290103;0.000213;1.130268;0.018605;1.594542;0.034858;-0.467749;0.01386;1.706312;0.000457;1.816196;0.000965;-0.423354;0.000361;NOTCONVERGED
4;7.7;51.3;0;0;-15;-10;(20,9.901,0);(68,9.901,0);(20,-9.901,0);(68,-9.901,0);4profiles700x720_NewRefined750;New_flap25;New_flap25;New_flap25;New_flap25;background4Wings;wing;FF4_AYRO;2;32;/g100_work/FF4_AYRO/AUTO_test_dev_kch/RUNS/Case3_Run400to499/ID81;Case3_Run400to499_ID81;1.905169;0.000312;1.339775;0.001355;-0.375627;0.000666;1.290072;0.000587;1.018586;0.000445;-0.286278;0.000188;1.147562;0.017906;1.601467;0.035126;-0.459032;0.014405;1.663233;0.00046;1.792075;0.001057;-0.419925;0.000387;NOTCONVERGED
4;7.7;51.3;-5;0;-15;-10;(20,9.901,0);(68,9.901,0);(20,-9.901,0);(68,-9.901,0);4profiles700x720_NewRefined750;New_flap25;New_flap25;New_flap25;New_flap25;background4Wings;wing;FF4_AYRO;2;32;/g100_work/FF4_AYRO/AUTO_test_dev_kch/RUNS/Case3_Run400to499/ID82;Case3_Run400to499_ID82;2.145977;0.002041;1.533071;0.001775;-0.380099;0.000798;1.25781;0.000835;1.005423;0.000518;-0.28381;0.000139;1.168307;0.017218;1.609185;0.035288;-0.450784;0.014898;1.632971;0.000794;1.776106;0.001204;-0.41801;0.000383;NOTCONVERGED
4;7.7;51.3;-10;0;-15;-10;(20,9.901,0);(68,9.901,0);(20,-9.901,0);(68,-9.901,0);4profiles700x720_NewRefined750;New_flap25;New_flap25;New_flap25;New_flap25;background4Wings;wing;FF4_AYRO;2;32;/g100_work/FF4_AYRO/AUTO_test_dev_kch/RUNS/Case3_Run400to499/ID83;Case3_Run400to499_ID83;1.154826;0.059679;1.271467;0.111427;-0.369456;0.04336;1.400787;0.00293;1.069026;0.002488;-0.296936;0.000831;1.131622;0.031113;1.585995;0.058973;-0.453905;0.022969;1.77338;0.00902;1.853724;0.011506;-0.428634;0.003596;NOTCONVERGED
4;7.7;51.3;-15;0;-15;-10;(20,9.901,0);(68,9.901,0);(20,-9.901,0);(68,-9.901,0);4profiles700x720_NewRefined750;New_flap25;New_flap25;New_flap25;New_flap25;background4Wings;wing;FF4_AYRO;2;32;/g100_work/FF4_AYRO/AUTO_test_dev_kch/RUNS/Case3_Run400to499/ID84;Case3_Run400to499_ID84;1.091537;0.045722;1.437756;0.129014;-0.397695;0.051548;1.393792;0.014149;1.063937;0.008912;-0.29504;0.004826;1.145568;0.031254;1.60736;0.075927;-0.454865;0.034933;1.756324;0.011756;1.846586;0.011002;-0.429252;0.012287;NOTCONVERGED
4;7.7;51.3;5;-5;-15;-10;(20,9.901,0);(68,9.901,0);(20,-9.901,0);(68,-9.901,0);4profiles700x720_NewRefined750;New_flap25;New_flap25;New_flap25;New_flap25;background4Wings;wing;FF4_AYRO;2;32;/g100_work/FF4_AYRO/AUTO_test_dev_kch/RUNS/Case3_Run400to499/ID85;Case3_Run400to499_ID85;1.587131;0.000467;1.101301;0.000936;-0.355773;0.000487;1.568034;0.000543;1.237327;0.000554;-0.302087;0.00022;1.13947;0.018815;1.609838;0.034881;-0.472887;0.013709;1.67602;0.000471;1.817813;0.001056;-0.425529;0.000414;NOTCONVERGED
4;7.7;51.3;0;-5;-15;-10;(20,9.901,0);(68,9.901,0);(20,-9.901,0);(68,-9.901,0);4profiles700x720_NewRefined750;New_flap25;New_flap25;New_flap25;New_flap25;background4Wings;wing;FF4_AYRO;2;32;/g100_work/FF4_AYRO/AUTO_test_dev_kch/RUNS/Case3_Run400to499/ID86;Case3_Run400to499_ID86;1.937859;0.000153;1.354752;0.00136;-0.380063;0.000673;1.524268;0.000557;1.221913;0.000512;-0.299545;0.000226;1.161317;0.018317;1.618229;0.036177;-0.463555;0.014846;1.631234;0.000349;1.792409;0.001009;-0.422123;0.00037;NOTCONVERGED
4;7.7;51.3;-5;-5;-15;-10;(20,9.901,0);(68,9.901,0);(20,-9.901,0);(68,-9.901,0);4profiles700x720_NewRefined750;New_flap25;New_flap25;New_flap25;New_flap25;background4Wings;wing;FF4_AYRO;2;32;/g100_work/FF4_AYRO/AUTO_test_dev_kch/RUNS/Case3_Run400to499/ID87;Case3_Run400to499_ID87;2.16893;0.003882;1.543586;0.002339;-0.383021;0.000898;1.496861;0.001367;1.213287;0.000876;-0.298254;0.000262;1.175247;0.017382;1.621642;0.035939;-0.455028;0.015197;1.603729;0.001054;1.778602;0.001224;-0.420977;0.000373;NOTCONVERGED
4;7.7;51.3;-10;-5;-15;-10;(20,9.901,0);(68,9.901,0);(20,-9.901,0);(68,-9.901,0);4profiles700x720_NewRefined750;New_flap25;New_flap25;New_flap25;New_flap25;background4Wings;wing;FF4_AYRO;2;32;/g100_work/FF4_AYRO/AUTO_test_dev_kch/RUNS/Case3_Run400to499/ID88;Case3_Run400to499_ID88;1.172908;0.06074;1.287132;0.109115;-0.374785;0.041718;1.6318;0.002561;1.263383;0.002699;-0.306565;0.000824;1.140436;0.03125;1.596872;0.05159;-0.456657;0.017961;1.745824;0.007324;1.855576;0.009489;-0.43032;0.003269;NOTCONVERGED
4;7.7;51.3;-15;-5;-15;-10;(20,9.901,0);(68,9.901,0);(20,-9.901,0);(68,-9.901,0);4profiles700x720_NewRefined750;New_flap25;New_flap25;New_flap25;New_flap25;background4Wings;wing;FF4_AYRO;2;32;/g100_work/FF4_AYRO/AUTO_test_dev_kch/RUNS/Case3_Run400to499/ID89;Case3_Run400to499_ID89;1.076887;0.046641;1.440043;0.125083;-0.404543;0.04652;1.622519;0.01483;1.259878;0.00677;-0.305263;0.004017;1.154243;0.035241;1.611809;0.077566;-0.453722;0.036997;1.729026;0.015058;1.849672;0.011426;-0.431105;0.014963;NOTCONVERGED
4;7.7;51.3;5;-10;-15;-10;(20,9.901,0);(68,9.901,0);(20,-9.901,0);(68,-9.901,0);4profiles700x720_NewRefined750;New_flap25;New_flap25;New_flap25;New_flap25;background4Wings;wing;FF4_AYRO;2;32;/g100_work/FF4_AYRO/AUTO_test_dev_kch/RUNS/Case3_Run400to499/ID90;Case3_Run400to499_ID90;1.551593;0.00076;1.076934;0.00092;-0.347946;0.00047;0.690534;0.010212;0.836626;0.013337;-0.258934;0.004438;1.118857;0.01843;1.588613;0.032942;-0.470138;0.012548;1.8378;0.008808;1.895948;0.016297;-0.433009;0.007945;NOTCONVERGED
4;7.7;51.3;0;-10;-15;-10;(20,9.901,0);(68,9.901,0);(20,-9.901,0);(68,-9.901,0);4profiles700x720_NewRefined750;New_flap25;New_flap25;New_flap25;New_flap25;background4Wings;wing;FF4_AYRO;2;32;/g100_work/FF4_AYRO/AUTO_test_dev_kch/RUNS/Case3_Run400to499/ID91;Case3_Run400to499_ID91;1.917747;0.000193;1.341592;0.001342;-0.376101;0.000669;1.193066;0.010047;1.065906;0.014256;-0.245265;0.004999;1.150619;0.018315;1.60789;0.035996;-0.46237;0.014719;1.695263;0.00078;1.819798;0.001168;-0.424977;0.000402;NOTCONVERGED
4;7.7;51.3;-5;-10;-15;-10;(20,9.901,0);(68,9.901,0);(20,-9.901,0);(68,-9.901,0);4profiles700x720_NewRefined750;New_flap25;New_flap25;New_flap25;New_flap25;background4Wings;wing;FF4_AYRO;2;32;/g100_work/FF4_AYRO/AUTO_test_dev_kch/RUNS/Case3_Run400to499/ID92;Case3_Run400to499_ID92;2.114422;0.003573;1.508415;0.002279;-0.373589;0.000903;0.698387;0.008962;0.839586;0.013033;-0.255319;0.004743;1.145754;0.01752;1.596871;0.035426;-0.453698;0.014768;1.742558;0.006296;1.84314;0.011807;-0.426201;0.005539;NOTCONVERGED
4;7.7;51.3;-10;-10;-15;-10;(20,9.901,0);(68,9.901,0);(20,-9.901,0);(68,-9.901,0);4profiles700x720_NewRefined750;New_flap25;New_flap25;New_flap25;New_flap25;background4Wings;wing;FF4_AYRO;2;32;/g100_work/FF4_AYRO/AUTO_test_dev_kch/RUNS/Case3_Run400to499/ID93;Case3_Run400to499_ID93;1.135273;0.060339;1.249273;0.11195;-0.363411;0.043403;0.650141;0.007811;0.808202;0.009834;-0.25411;0.003288;1.118855;0.03308;1.573102;0.063233;-0.45381;0.02399;1.960214;0.018127;1.965837;0.029494;-0.443825;0.012539;NOTCONVERGED
4;7.7;51.3;-15;-10;-15;-10;(20,9.901,0);(68,9.901,0);(20,-9.901,0);(68,-9.901,0);4profiles700x720_NewRefined750;New_flap25;New_flap25;New_flap25;New_flap25;background4Wings;wing;FF4_AYRO;2;32;/g100_work/FF4_AYRO/AUTO_test_dev_kch/RUNS/Case3_Run400to499/ID94;Case3_Run400to499_ID94;1.060585;0.039942;1.41329;0.115982;-0.393859;0.045862;0.652819;0.011166;0.812351;0.012486;-0.255837;0.00419;1.135167;0.033345;1.592511;0.076176;-0.454444;0.036378;1.908402;0.019689;1.926679;0.027748;-0.435628;0.012098;NOTCONVERGED
4;7.7;51.3;5;-15;-15;-10;(20,9.901,0);(68,9.901,0);(20,-9.901,0);(68,-9.901,0);4profiles700x720_NewRefined750;New_flap25;New_flap25;New_flap25;New_flap25;background4Wings;wing;FF4_AYRO;2;32;/g100_work/FF4_AYRO/AUTO_test_dev_kch/RUNS/Case3_Run400to499/ID95;Case3_Run400to499_ID95;1.596465;0.00126;1.098292;0.00129;-0.354515;0.000587;0.855774;0.050018;1.104206;0.106586;-0.285892;0.04493;1.135305;0.018815;1.61344;0.033391;-0.47819;0.01266;1.836628;0.040538;1.92571;0.073893;-0.443762;0.026713;NOTCONVERGED
4;7.7;51.3;0;-15;-15;-10;(20,9.901,0);(68,9.901,0);(20,-9.901,0);(68,-9.901,0);4profiles700x720_NewRefined750;New_flap25;New_flap25;New_flap25;New_flap25;background4Wings;wing;FF4_AYRO;2;32;/g100_work/FF4_AYRO/AUTO_test_dev_kch/RUNS/Case3_Run400to499/ID96;Case3_Run400to499_ID96;1.938378;0.000989;1.344763;0.001581;-0.377094;0.00073;0.850389;0.055882;1.093693;0.121399;-0.287508;0.048761;1.156285;0.018657;1.62139;0.036331;-0.469163;0.014747;1.800501;0.038807;1.913563;0.071145;-0.444453;0.024728;NOTCONVERGED
4;7.7;51.3;-5;-15;-15;-10;(20,9.901,0);(68,9.901,0);(20,-9.901,0);(68,-9.901,0);4profiles700x720_NewRefined750;New_flap25;New_flap25;New_flap25;New_flap25;background4Wings;wing;FF4_AYRO;2;32;/g100_work/FF4_AYRO/AUTO_test_dev_kch/RUNS/Case3_Run400to499/ID97;Case3_Run400to499_ID97;1.233642;0.0219;1.046983;0.033392;-0.280822;0.01605;0.865989;0.050391;1.119525;0.103715;-0.290274;0.044988;1.108314;0.019135;1.596424;0.03224;-0.477252;0.011559;1.882324;0.04303;1.950814;0.078632;-0.447009;0.028752;NOTCONVERGED
4;7.7;51.3;-10;-15;-15;-10;(20,9.901,0);(68,9.901,0);(20,-9.901,0);(68,-9.901,0);4profiles700x720_NewRefined750;New_flap25;New_flap25;New_flap25;New_flap25;background4Wings;wing;FF4_AYRO;2;32;/g100_work/FF4_AYRO/AUTO_test_dev_kch/RUNS/Case3_Run400to499/ID98;Case3_Run400to499_ID98;1.155375;0.06362;1.26817;0.113737;-0.370024;0.043055;0.846677;0.044267;1.102349;0.098938;-0.287604;0.041777;1.125125;0.04013;1.579636;0.074742;-0.454286;0.026603;1.93113;0.043826;1.977283;0.081625;-0.451025;0.030228;NOTCONVERGED
4;7.7;51.3;-15;-15;-15;-10;(20,9.901,0);(68,9.901,0);(20,-9.901,0);(68,-9.901,0);4profiles700x720_NewRefined750;New_flap25;New_flap25;New_flap25;New_flap25;background4Wings;wing;FF4_AYRO;2;32;/g100_work/FF4_AYRO/AUTO_test_dev_kch/RUNS/Case3_Run400to499/ID99;Case3_Run400to499_ID99;1.040587;0.043804;1.38487;0.122463;-0.387108;0.046871;0.862604;0.044114;1.125084;0.106544;-0.292773;0.046106;1.145555;0.033109;1.616653;0.064345;-0.46333;0.035838;1.880692;0.04027;1.934744;0.072763;-0.443188;0.028631;NOTCONVERGED
