valid_time,lat,lon,land_sea_mask,model_bathymetry,sea_ice_cover,sea_surface_first_partition_swell_wave_mean_direction,sea_surface_first_partition_swell_wave_mean_period,sea_surface_first_partition_swell_wave_significant_height,sea_surface_maximum_individual_wave_height,sea_surface_second_partition_swell_wave_mean_direction,sea_surface_second_partition_swell_wave_mean_period,sea_surface_second_partition_swell_wave_significant_height,sea_surface_temperature,sea_surface_total_swell_wave_mean_direction,sea_surface_total_swell_wave_mean_period,sea_surface_total_swell_wave_significant_height,sea_surface_wave_mean_direction,sea_surface_wave_mean_period,sea_surface_wave_significant_height,sea_surface_wind_wave_mean_direction,sea_surface_wind_wave_mean_period,sea_surface_wind_wave_significant_height
2020-11-19T09:00:00,22.57912333,114.2778117,0.7402573823928833,9,-9999,122,5,0.25,0.5,244.25,2,0,-9999,120.5,4.75,0.25,120.5,4.75,0.25,35.25,3.75,0
2020-11-19T10:00:00,22.579185,114.2778967,0.7402573823928833,9,-9999,122.5,5,0.25,0.5,167.5,1,0,-9999,121,5,0.25,121,5,0.25,35.25,3.75,0
2020-11-19T11:00:00,22.55125167,114.34796,0.4749581813812256,9.5,-9999,122.25,5,0.25,0.5,183.5,2,0,-9999,118.5,5,0.25,118.5,5,0.25,35.25,3.75,0
2020-11-19T12:00:00,22.4136,114.460965,0.20748233795166016,18.75,0,116.75,5.5,0.25,0.75,133,8.5,0,296,112.25,5.5,0.5,112.25,5.5,0.5,36.25,3.75,0
2020-11-19T13:00:00,22.28233167,114.6235383,0.03021371364593506,30.75,0,110.75,6,0.5,1,169.75,5.5,0,296.25,107.75,6,0.5,107.75,6,0.5,46.5,3.5,0
2020-11-19T14:00:00,22.251065,114.8154083,0.001108407974243164,37.25,0,110,6,0.5,1.25,212.25,2.5,0,296.5,106.5,6,0.5,106.25,6,0.75,62,2.75,0
2020-11-19T15:00:00,22.24981333,115.0549917,0,40.5,0,109.25,6,0.5,1.25,210.75,2.5,0,296.5,105.5,6.25,0.75,105.25,6,0.75,68.25,2.25,0
2020-11-19T16:00:00,22.24784667,115.2828167,0,53.5,0,105.5,6.25,0.75,1.25,214.5,2.75,0,297,104.75,6,0.75,104.25,6,0.75,63.75,2.5,0.25
2020-11-19T17:00:00,22.23430667,115.5193783,0,66.5,0,102,6.25,0.75,1.25,216.75,2.75,0,297.25,104.25,6,0.75,103.25,5.75,0.75,62.5,2.5,0.25
2020-11-19T18:00:00,22.22508167,115.7453817,0,63.25,0,104.5,6,0.75,1.25,179.75,4.75,0,297.5,104,6,0.75,102.5,5.75,0.75,61.5,2.25,0.25
2020-11-19T19:00:00,22.22557667,115.978445,0,60,0,107.25,5.5,0.5,1.25,155.75,7,0.25,297.75,103.75,6.25,0.75,101.5,5.75,0.75,61.75,2.25,0.25
2020-11-19T20:00:00,22.31707167,116.1939267,0,49.5,0,110.75,5.75,0.5,1.25,123.5,5.5,0,297,106.25,6,0.75,103.5,5.5,0.75,55,2,0.25
2020-11-19T21:00:00,22.421335,116.4022633,0,51.75,0,110.5,5.5,0.5,1.25,186.5,5,0,297.25,106.25,6,0.75,102.75,5.5,0.75,51.25,2.25,0.25
2020-11-19T22:00:00,22.52275667,116.6069967,0,44.25,0,111.75,5.5,0.5,1.25,40.75,20.5,0,296.5,108,5.75,0.5,105.5,5.5,0.5,44.25,2,0.25
2020-11-19T23:00:00,22.62414667,116.7950717,0.00008273124694824219,41.25,0,113.75,5.5,0.5,1,54.5,16.25,0,296,111,5.5,0.5,108.25,5.25,0.5,44.75,2.5,0.25
2020-11-20T00:00:00,22.73414167,116.9769583,0,40.5,0,116.25,5.25,0.5,1,75.25,8,0.25,295.75,113.75,5.25,0.5,111.25,5,0.5,44,3,0
2020-11-20T01:00:00,22.80947333,117.1758917,0,45.75,0,116.5,5.25,0.5,1,75.25,8,0.25,296,113.75,5.25,0.5,110.75,5,0.5,43.75,3,0
2020-11-20T02:00:00,22.91625167,117.369245,1.1920928955078125E-7,59.75,0,120,5,0.5,0.75,62.25,6.5,0.25,295.75,115.25,5,0.5,113.75,5,0.5,40.5,3.25,0
2020-11-20T03:00:00,23.04540833,117.5527533,0,74,0,123.75,5,0.5,0.75,48.75,5,0,295.5,116.5,5,0.5,116,4.75,0.5,45.25,1.5,0
2020-11-20T04:00:00,23.188395,117.7325333,0,37.75,0,129,4.75,0.25,0.75,52.25,5.5,0,295.25,121.25,4.75,0.25,121,4.75,0.5,41.5,2.75,0
2020-11-20T05:00:00,23.310775,117.9307233,0,34.25,0,129.5,4.75,0.25,0.75,52,5.25,0,295.5,121,4.75,0.5,120.75,4.75,0.5,36,3.75,0
2020-11-20T06:00:00,23.45817333,118.1347383,0,34.75,0,133.25,4.75,0.25,0.75,53.5,5.5,0,295.5,124.25,4.75,0.25,124.25,4.75,0.25,35.25,3.75,0
2020-11-20T07:00:00,23.56945,118.3318917,0,48,0,137,4.75,0.25,0.75,56,6.5,0.25,295.75,123,4.75,0.25,113.75,4.5,0.25,39.75,3.5,0
2020-11-20T08:00:00,23.68633833,118.4899467,0,56,0,137.75,4.75,0.25,1,56.25,7.25,0.25,296,125.75,5,0.25,89.75,4,0.5,43.75,2.5,0.25
2020-11-20T09:00:00,23.794865,118.64382,0,80.5,0,139.75,5,0.25,1.5,70.25,14.5,0,296,129.75,5,0.25,54.5,3.75,0.75,39,3.25,0.75
2020-11-20T10:00:00,23.89951167,118.77398,0,106,0,140,5,0.25,2,127,12.75,0,296.25,84,5,0.25,42.5,4,1,38.75,3.75,1
2020-11-20T11:00:00,23.99208,118.8948567,0,132.5,0,32.5,22.25,0.25,2.5,151.5,5,0.25,296.5,76.25,5,0.25,37.75,4.25,1.25,36.5,4.25,1.25
2020-11-20T12:00:00,24.11411333,119.067395,0.000011920928955078125,142,0,355.75,27.5,0.25,2.75,152.75,5,0,297,69,5.25,0.25,33.5,4.75,1.5,32.75,4.5,1.5
2020-11-20T13:00:00,24.24894833,119.2547133,0,126.75,0,280.75,27.5,0.25,3.25,153.75,5,0,297,55,5.5,0.25,33,4.75,1.5,32.5,4.75,1.5
2020-11-20T14:00:00,24.35189833,119.35578,0,111.5,0,31.75,27.75,0.25,3.5,158,5,0,296.75,54.25,5.5,0.25,33.5,5,1.75,33,5,1.75
2020-11-20T15:00:00,24.501715,119.4983,0,96,0,32.25,27.75,0.5,4,168.25,5,0,296.75,65.5,6,0.5,34.75,5.25,2,34,5.25,2
2020-11-20T16:00:00,24.540895,119.660835,0,88.5,0,32.5,27.75,0.5,4,206.75,4.5,0,297,54.5,6,0.5,34.5,5.5,2,34,5.5,2
2020-11-20T17:00:00,24.67185833,119.8448833,0,69,0,34.5,27.75,0.5,4,214.25,4.25,0,296.5,32.25,6.25,0.5,35.5,5.75,2,35.5,5.75,2
2020-11-20T18:00:00,24.74888667,120.0067867,0,64,0,37.25,27.75,0.5,4,205.25,4,0,296,33,6.5,0.5,38,5.75,2,37.75,5.75,2
2020-11-20T19:00:00,24.851435,120.15555,0,64.25,0,37.75,26.25,0.5,3.75,196.25,4,0,295.5,43.75,6.75,0.75,39.75,5.75,2,39.25,5.5,1.75
2020-11-20T20:00:00,24.95725667,120.3057483,0,70.5,0,27.25,27.5,0.5,3.75,147.25,15.75,0.25,295.25,41.75,6.75,0.75,41.5,5.75,2,40,5.5,1.75
2020-11-20T21:00:00,25.05846667,120.4722033,0,79,0,14.25,27.5,0.5,4,95.75,27.5,0.25,295.5,23.25,7,0.75,39.5,6,2,41,5.75,2
2020-11-20T22:00:00,25.19444333,120.629645,0.00026404857635498047,90,0,84.25,17.25,1,3.75,220.5,6.75,0.25,295.25,41,7.25,1,45.25,6.25,2,46,5.25,1.5
2020-11-20T23:00:00,25.32266,120.8186533,0.00030434131622314453,103.75,0,66.5,9.5,1.25,3.75,273.5,3.75,0,295.5,46.25,7.5,1.25,47.5,6.25,2,49.25,5.25,1.5
2020-11-21T00:00:00,25.44622833,121.0002783,0,124,0,92,9,1.25,4,287,4,0,295.25,55,8,1.25,51.75,6.5,2,51.25,5.5,1.75
2020-11-21T01:00:00,25.56358,121.1622633,0,122.75,0,68.5,23.5,1,4,78.5,23.25,0.5,295.5,60.75,8,1.25,54.25,6.5,2.25,53,5.75,1.75
2020-11-21T02:00:00,25.69723833,121.359205,0,114.25,0,45,19.25,1.25,4.25,143.75,19,0.5,296,56.75,8,1.5,56.75,6.5,2.25,57.25,5.75,1.75
2020-11-21T03:00:00,25.821985,121.5102517,0,113.75,0,6.25,25,1.25,4.25,96.5,27.5,0.75,296.25,55,7.75,1.75,58.75,6.75,2.25,62.5,5.25,1.5
2020-11-21T04:00:00,25.93981,121.67567,0,118.25,0,54.75,7.75,2,4.25,301.5,4.25,0,296,57,7.5,2,60,6.75,2.25,67.75,4.5,1.25
2020-11-21T05:00:00,26.02166667,121.8026617,0,115.5,0,55.5,7.5,2,4,263.25,4.25,0,296,57.75,7.5,2,60.25,6.75,2.25,69.75,4,1
2020-11-21T06:00:00,26.13976833,121.978355,0,114.25,0,56,7.25,2,3.75,213,4.25,0,296.75,58.25,7.25,2,60,6.75,2,70.75,3.5,0.75
2020-11-21T07:00:00,26.24273667,122.1664667,0,117.5,0,56.5,7.25,1.75,3.5,211.75,4.25,0,296.75,58.75,7.25,1.75,60,6.75,2,67.25,3.5,0.5
2020-11-21T11:00:00,26.68584833,122.9713183,0,99.25,0,35.5,6.75,1.25,3,93,10,0.75,298.25,51.25,7.25,1.5,52.75,6.75,1.5,66.25,3,0.5
2020-11-21T12:00:00,26.834225,123.2018517,0,132,0,27.25,6.75,1.25,2.75,91.75,10,0.5,298,47.25,7.25,1.5,48.75,7,1.5,65.25,2.75,0.5
2020-11-21T13:00:00,26.946675,123.401135,0,139,0,25,6.75,1.25,2.75,93,10,0.5,297.75,45.5,7.25,1.25,47,7,1.5,67.25,2.75,0.25
2020-11-21T14:00:00,27.05063333,123.616835,0,137.25,0,22,6.75,1.25,2.75,93.5,10,0.75,297.75,42.5,7.25,1.25,44.5,7,1.5,71.25,2.75,0.25
2020-11-21T15:00:00,27.12569833,123.747785,0,127.25,0,19.75,6.75,1.25,2.5,92.5,9.75,0.75,297.75,41.75,7.25,1.25,43.25,7,1.25,73.5,2.5,0.25
2020-11-21T16:00:00,27.264505,124.00334,0,122,0,17.25,6.75,1.25,2.5,91.75,10,0.75,297.75,39.25,7.25,1.25,40.5,7.25,1.25,77.25,2.25,0.25
2020-11-21T17:00:00,27.34506167,124.189875,0,117.25,0,13.75,6.75,1.25,2.5,91.25,10,0.75,297,37.25,7.25,1.25,38,7.25,1.25,78,2.25,0.25
2020-11-21T18:00:00,27.39344667,124.4035917,0,115,0,12.25,6.75,1.25,2.5,91.5,10,0.75,296.75,37,7.25,1.25,37.75,7.25,1.25,81.75,2.25,0.25
2020-11-21T19:00:00,27.48725833,124.6058017,0,107.5,0,9,6.75,1,2.5,93.75,9.75,0.75,296.25,35.75,7.5,1.25,35.75,7.25,1.25,81.75,2.25,0
2020-11-21T20:00:00,27.643255,124.7758917,0,105.5,0,7.75,6.75,1,2.25,97.25,9,0.75,296.5,35.5,7.5,1.25,35.5,7.5,1.25,64.75,3,0
2020-11-21T21:00:00,27.77835667,124.9527983,0,103.5,0,5.75,6.75,1,2.25,95.75,9,0.75,296.75,34.25,7.5,1.25,34.25,7.5,1.25,54.5,3.25,0
2020-11-21T22:00:00,27.89694,125.1674933,0,105.5,0,5,7,1,2.5,94.75,9.5,0.75,296.75,34.25,7.75,1.25,34.25,7.75,1.25,40.25,3.5,0
2020-11-21T23:00:00,28.01696333,125.3935333,0,107.75,0,4,7,1,2.5,93.75,9.5,0.75,297.5,33.75,7.75,1.25,33.75,7.75,1.25,35.25,3.75,0
2020-11-22T00:00:00,28.13662167,125.5971733,0,113.75,0,3.25,6.75,1,2.5,92.25,9.75,0.75,297.5,34.5,8,1.25,34.5,8,1.25,35.25,3.75,0
2020-11-22T01:00:00,28.24078667,125.7705883,0,116,0,3.5,6.75,1,2.5,91,10,0.75,297.5,36.25,8,1.25,36.25,8,1.25,35.25,3.75,0
2020-11-22T02:00:00,28.33375167,125.9297133,0,117.25,0,4.25,6.75,1,2.25,90,10.25,0.75,297.75,38,8,1.25,38,8,1.25,33.25,3.75,0
2020-11-22T03:00:00,28.41295,126.0910433,0,124,0,4.5,6.75,1,2.25,89.5,10.25,0.75,298,38,8,1.25,38,8,1.25,29,3.75,0
2020-11-22T05:00:00,28.69253333,126.5830583,0,133.5,0,15.25,7,1,2.5,123,9.5,0.75,298.5,44.75,8,1.25,43.75,8,1.25,312.5,2.25,0.25
2020-11-22T06:00:00,28.81621833,126.785945,0,132.5,0,36.5,7.75,1,2.5,190,8.75,0.75,298.25,48.25,8.25,1.25,46.5,8,1.25,317,2.25,0.25
2020-11-22T07:00:00,28.97236167,126.9674367,0,125,0,89.75,9.25,1,2.5,358.25,6.75,0.75,298.25,52.25,8.25,1.25,50,8,1.25,310.75,2.25,0.25
2020-11-22T08:00:00,29.04614167,127.1306933,0,317.25,0,88.75,9.25,1,2.5,89.25,6.75,0.75,298.5,54,8.25,1.25,50.25,8,1.25,314.25,2.5,0.25
2020-11-22T17:00:00,30.10254333,129.174645,0.000628352165222168,764.75,0,151.75,14.25,0.5,3.5,101,6.25,0.25,298.75,78,7.25,0.5,344.5,5.25,1.75,341,5,1.75
2020-11-22T18:00:00,30.21396667,129.37493,0,700,0,211.75,16.5,0.5,3.75,101.5,7,0.25,298.75,56.75,7.25,0.5,339.75,5.5,2,337.25,5.25,1.75
2020-11-22T19:00:00,30.30835333,129.5449333,0,672,0,209.75,15.75,0.5,4,107.25,7.25,0.25,298.75,36.75,7.25,0.75,336.75,5.5,2,335,5.5,2
2020-11-22T20:00:00,30.40125,129.7122833,0,512.75,0,267.25,19,0.5,4,134.25,10.75,0.25,298,263,7.25,0.75,332,5.75,2,331,5.5,2
2020-11-22T21:00:00,30.508285,129.941595,0.011944174766540527,387,0,324.75,22.75,0.5,4,106.25,8.5,0.25,297.25,314.25,7.25,0.75,327,5.75,2,327.75,5.5,2
2020-11-22T22:00:00,30.59829667,130.14563,0.02703237533569336,337.5,0,322.75,26,0.75,4,101.25,8.75,0.25,297,298.5,7.25,0.75,324.5,5.75,2,327.25,5.5,2
2020-11-22T23:00:00,30.68067,130.3495017,0.07380974292755127,263.75,0,322.25,25.25,0.75,3.75,97.5,8.75,0.25,296.5,303,7.5,0.75,321.5,5.75,2,324.25,5.5,1.75
2020-11-23T00:00:00,30.77269167,130.5578717,0.02335214614868164,225,0,318.25,23.5,0.75,3.5,94.5,9,0.25,296.25,302.75,7.5,0.75,318.5,5.75,1.75,321.75,5.25,1.5
2020-11-23T01:00:00,30.85599333,130.781255,0.11327707767486572,158.25,0,203.25,14.25,0.75,3.25,201,18.25,0.5,296,184.5,7.75,0.75,322.25,5.75,1.75,318.25,4.75,1.5
2020-11-23T02:00:00,30.959065,131.0003967,0.12509047985076904,93,0,90.75,9,0.5,2.75,307.25,27.75,0.5,296,56.75,8,0.75,325.75,5.75,1.5,313.5,4.5,1.25
2020-11-23T03:00:00,31.06143833,131.21947,0.0022281408309936523,117.5,0,198.5,18.25,0.75,2.75,197,18.25,0.75,296.5,19.5,7.5,1,331.25,6,1.5,316.75,4.25,1
2020-11-23T04:00:00,31.15100333,131.4286433,0.025919198989868164,138.5,0,304.75,19,0.75,2.5,90.5,9,0.75,296.75,291.5,7,1.25,278,6,1.25,329.5,3.5,0.75
2020-11-23T05:00:00,31.23962,131.6403033,0.001115560531616211,361,0,325.5,5.25,1,2.5,91.25,8.75,0.75,297.25,197.75,6.5,1.25,192.75,6.25,1.25,303.25,2.75,0.5
2020-11-23T06:00:00,31.35525667,131.9006183,0.00032019615173339844,759.75,0,354.75,5.5,1,2.75,92,8.75,0.75,297.25,95.25,6.75,1.25,109,6,1.5,93.25,3,0.5
2020-11-23T07:00:00,31.47166833,132.159115,0,957.75,0,24.5,6.5,1,3,133.5,8,0.75,297.25,33.5,6.75,1,16.5,6,1.5,100.5,3.75,1
2020-11-23T08:00:00,31.56395833,132.3671933,0,944.25,0,77.75,8.25,1,3.5,238.25,7.5,0.5,297.25,48,7.25,1,73.5,5.75,1.75,271.25,4.75,1.5
2020-11-23T09:00:00,31.656715,132.554585,0,999,0,96,9,1,3.75,263.25,7.5,0.25,297.5,43.75,7.5,1,91.75,5.75,2,88.5,5.25,1.75
2020-11-23T10:00:00,31.745045,132.7466467,0,999,0,210.5,12.5,0.75,3.75,192,9.5,0.5,297.5,40.25,7.5,1,263.5,5.75,2,349.5,5.25,1.75
2020-11-23T11:00:00,31.83128,132.9342933,0,999,0,270,15,0.75,3.5,151.75,10.5,0.5,297.5,31.75,7.25,1,326.5,5.75,1.75,323.5,5.25,1.5
2020-11-23T12:00:00,31.926055,133.1516883,0,999,0,325.5,15.75,1,3.25,98.75,9,0.5,297.75,281.5,7,1,345.5,5.75,1.75,346.75,4.5,1.25
2020-11-23T13:00:00,32.01964333,133.3735083,0,999,0,324.75,8.75,1,2.75,100,9,0.5,297.75,340.75,6.5,1.25,343.25,5.75,1.5,355.5,3.25,0.75
2020-11-23T14:00:00,32.120065,133.5968583,0,992.75,0,319,5.5,1,2.5,81.5,8.25,0.5,297.75,324.75,6.25,1.25,326.75,6,1.25,17.25,2.5,0.25
2020-11-23T15:00:00,32.21703667,133.81841,0,994.25,0,308,5.25,0.75,2.25,42.75,6.5,0.5,297.75,179.25,6.25,1.25,184.5,6,1.25,38,2.75,0.25
2020-11-23T16:00:00,32.31498167,134.0423017,0,997.5,0,303.75,5.25,0.75,2.25,22.5,5.75,0.5,297.5,101,6.5,1,20.5,5.75,1.25,46.75,3.25,0.5
2020-11-23T17:00:00,32.40088,134.24936,0,998.25,0,73,8,0.75,2.5,284.75,5.5,0.5,297.25,62.75,6.75,1,23.75,5.75,1.25,36.5,4,0.75
2020-11-23T18:00:00,32.49246167,134.4647433,0,999,0,105.25,9.25,0.75,3,264.75,5.5,0.25,296.5,43.25,7.25,0.75,23.25,5.5,1.5,22,4.75,1.25
2020-11-23T19:00:00,32.57672,134.65024,0,868.5,0,106.25,9.5,0.75,3,259,5.5,0.25,296.5,70.5,7.5,0.75,21.25,5.5,1.5,18,4.75,1.5
2020-11-23T21:00:00,32.77368667,135.1021717,0,921.75,0,138,9,0.75,3.25,233.5,6.5,0.25,296,66,7.75,0.75,12.5,5.5,1.75,52,4.75,1.5
2020-11-23T22:00:00,32.82636333,135.2257417,0,921.75,0,142,9.25,0.75,3,233.5,6.5,0.25,295.75,46.25,7,1,13.75,5.75,1.5,6.5,4,1
2020-11-23T23:00:00,32.90991833,135.405855,0,960.5,0,153.25,9,0.75,2.75,210.5,6,0.25,295.75,37.75,6.75,1,16.25,6,1.5,8.75,3.5,0.75
2020-11-24T00:00:00,32.99656333,135.6054467,0,999,0,89.25,8.75,0.75,2.5,217.25,7.25,0.25,295.75,35.75,6.75,1,21.5,6,1.25,271.5,2.75,0.5
2020-11-24T01:00:00,33.09314,135.8128517,0.00011539459228515625,786,0,57.5,6.5,1,2.25,141,9.25,0.5,295.75,36,6.5,1,32.75,6.5,1.25,46,3.25,0.25
2020-11-24T02:00:00,33.17699833,136.0250367,0,782.25,0,21.5,5.75,1,2.25,115.5,9.75,0.5,295.75,39.5,6.75,1.25,39.25,6.5,1.25,27,2.75,0
2020-11-24T03:00:00,33.270805,136.2225767,0,782.25,0,45.75,6.75,0.75,2.5,150,9,0.5,296,39.75,6.75,1,35.5,6.25,1.25,21,3.5,0.5
2020-11-24T04:00:00,33.360495,136.4290417,0.012707948684692383,836.5,0,19.25,5.75,1,2.5,115.75,9.75,0.5,296,40.5,6.75,1,35.25,6.25,1.25,21.75,3.5,0.5
2020-11-24T05:00:00,33.460695,136.642325,0,999,0,44.25,6.75,0.75,2.75,150,9,0.5,296,37.25,6.75,1,30.5,6,1.5,22.5,3.75,1
2020-11-24T06:00:00,33.55544333,136.8644583,0,999,0,94.25,8.75,0.75,3,216.25,7.25,0.25,296.25,35.25,6.75,1,30,6,1.5,20.75,3.75,1
2020-11-24T07:00:00,33.64871833,137.09043,0,837.25,0,280,6,1,3,144.75,6.75,0.75,296.5,45.75,6.75,1.25,41.5,6,1.5,27,3.75,0.75
2020-11-24T08:00:00,33.74449,137.3058717,0,783.25,0,82,7.5,1.25,3,263.75,6.25,0.5,296.5,60,6.75,1.5,56,6.25,1.5,36.5,3.75,0.75
2020-11-24T09:00:00,33.85086667,137.5466567,0,999,0,315.75,5,0.5,3.5,263.5,10.25,0,296.75,71.75,7.25,1,67.25,6.5,1.75,58.75,4.5,1.25
2020-11-24T10:00:00,33.96074167,137.7956867,0,999,0,301.5,5,0.25,4,245.25,7,0,296.75,88.25,7.5,0.5,72.75,6.5,2.25,62.5,5,1.75
2020-11-24T11:00:00,34.05975667,138.0344667,0,999,0,54.5,26.25,1.25,4.5,277.75,5.25,0.25,297,101.75,8,1,71.25,6.5,2.25,61.5,6,2.25
2020-11-24T12:00:00,34.15993667,138.2667967,4.76837158203125E-7,792.75,0,49.25,19.25,1.25,4,265,5,0,296.75,100.5,7.75,1.25,72.75,6.5,2.25,56.25,5.5,1.75
2020-11-24T13:00:00,34.250555,138.4905633,9.5367431640625E-7,596,0,58.25,17.25,1.25,3.75,272,5,0,296,101.5,7.5,1.25,72.5,6.25,2,51.5,5.25,1.5
2020-11-24T14:00:00,34.34487,138.7129417,0.05172407627105713,390.75,0,101.75,16.75,1,3.5,209.5,5.5,0,295.25,106,7.25,1.25,71.5,6,1.75,49.5,5,1.5
2020-11-24T15:00:00,34.44140833,138.926915,0.10501432418823242,236,0,112.25,7.25,1,3.5,256,5.5,0,295,109.75,7.25,1,67.5,5.75,1.75,46.5,4.75,1.5
2020-11-24T16:00:00,34.517515,139.131105,0.1212538480758667,247,0,115.5,7.5,1,4,275.5,9,0,295.5,112.5,7.25,1,62.25,5.75,2,44,5,1.75
2020-11-24T17:00:00,34.59573333,139.3346933,0.09366941452026367,239,0,96.5,11.25,1,4,185.25,9,0,295.5,112.75,7.25,1.25,58.5,5.75,2,36.25,5,1.75
2020-11-24T18:00:00,34.66621833,139.54479,0.03232693672180176,243.5,0,283.25,12.25,1,4.5,174.25,6.75,0.25,295.75,112.25,7.5,1.25,54.25,5.75,2.25,32.25,5,2
2020-11-24T19:00:00,34.70906333,139.72971,0.06104767322540283,395,0,114.5,7.5,1.25,4,235,14.75,0.25,295,112.75,7.25,1.25,61.25,5.75,2,30,4.75,1.5
2020-11-24T20:00:00,34.77942667,139.933985,0.06105804443359375,469.5,0,113.75,7.5,1.25,3.75,307.25,11.5,0.25,295,112.25,7.25,1.25,64,5.75,2,28.25,4.75,1.5
2020-11-24T21:00:00,34.88356167,140.1351417,0.1692523956298828,447.5,0,115.5,7.5,1.5,3.75,200.25,9.75,0,294.75,114,7.25,1.25,71.5,6,2,31.25,4.5,1.25
2020-11-24T22:00:00,35.00137,140.34493,0.08029496669769287,578.75,0,111.5,7.25,1.5,3.75,246.5,7,0,295.75,109.5,7,1.5,77.75,6,2,31.5,4.5,1.25
2020-11-24T23:00:00,35.12249333,140.5571817,0.18292677402496338,559.5,0,108.25,7,1.5,3.5,198.25,6.5,0.25,296,100.75,6.75,1.5,83.75,6,1.75,21.25,4,1
2020-11-25T00:00:00,35.21777833,140.7288917,0,472,0,106.75,6.75,1.5,3.5,173.25,13,0,294.75,100,6.75,1.5,86.25,6,1.75,31.5,4,1
2020-11-25T01:00:00,35.337465,140.9504233,0.0000032186508178710938,345,0,114.5,6.75,1.5,3.5,105.25,5.5,0.75,295,94.25,6.5,1.75,87.25,6,1.75,47.25,3.5,0.75
2020-11-25T02:00:00,35.46803,141.19949,5.960464477539062E-7,554.5,0,62.75,13.75,1.5,3.75,168,12.75,0.25,295.5,92.5,6.75,1.5,89.25,6,2,52.5,4,1
2020-11-25T03:00:00,35.60181333,141.45704,0,942.25,0,99,6.5,1.75,3.75,241.5,8.5,0.25,295.5,91.5,6.5,1.75,89.75,6,2,71.25,3.5,0.75
2020-11-25T04:00:00,35.73408,141.7045867,0,953.25,0,83.75,10.25,1.75,3.75,232.75,10.25,0.25,296,90.75,6.75,1.75,87.75,6,2,69.75,4,1
2020-11-25T05:00:00,35.8692,141.96928,0,999,0,96.5,6.75,1.75,4,284,4.25,0,296.5,89.25,6.75,1.75,88.5,6.25,2,76,4.25,1
2020-11-25T06:00:00,35.96922,142.1670867,0,999,0,87.25,10.5,1.5,4,201.75,8.75,0.25,296.25,93.75,6.75,1.75,86.75,6.25,2,64,4.5,1
2020-11-25T07:00:00,36.1164,142.4606133,0,999,0,52.25,18,1.25,4,153.75,18,0.75,296.25,94.5,7,1.75,83.75,6.25,2,70,4.75,1.25
2020-11-25T08:00:00,36.24272,142.7212533,0,999,0,92.25,11,1.5,4,244.25,5.5,0,296.5,103,7,1.5,80.75,6.25,2,62.25,4.75,1.25
2020-11-25T09:00:00,36.3624,142.9584,0,999,0,112.5,7.25,1.5,4,271,5.25,0,296.5,109.25,7,1.5,80,6,2.25,59.25,5,1.5
2020-11-25T10:00:00,36.48282667,143.2012267,0,999,0,79.75,14.5,1.5,4.25,161,16.75,0.25,296.5,116.25,7.25,1.5,80.25,6,2.25,56.75,5.25,1.75
2020-11-25T11:00:00,36.57210667,143.4069067,0,999,0,72.75,15.25,1.5,4,97.25,20.75,0.5,296.25,115.25,7.25,1.5,80.5,6,2,52.5,5,1.5
2020-11-25T12:00:00,36.67427833,143.631825,0,999,0,98.25,7,1.5,4,127.75,8,1,296.25,109.25,7.25,1.75,84,6.25,2,52.25,4.5,1.25
2020-11-25T13:00:00,36.80629333,143.8778133,0,999,0,98.75,6.75,1.5,4,64.25,15.75,0.75,296.25,113,7,1.75,85.5,6.25,2,41.75,4.25,1
2020-11-25T14:00:00,36.90917333,144.09168,0,999,0,123,7.25,1.5,4,37.75,22.5,0.5,295.75,118.25,7.25,1.75,84.5,6.25,2,24.25,4.5,1.25
2020-11-25T16:00:00,37.15661333,144.5946133,0,999,0,127,7.5,1.5,4.25,353.75,27.75,0.25,294,127.25,7.5,1.5,73,6,2.25,28,4.5,1.5
2020-11-25T17:00:00,37.23944,144.75872,0,999,0,128.5,7.5,1.5,4.25,180,19.5,0.25,292.5,127.75,7.5,1.5,73.75,6.25,2.25,91.5,4.5,1.5
2020-11-25T19:00:00,37.45066667,145.2163467,0,999,0,133.5,7.75,1.75,3.75,6.5,10.5,0.75,291.25,124,7.25,1.75,101,6.5,2,351.25,4,1
2020-11-25T21:00:00,37.66008,145.6608,0,999,0,138.75,7.75,1.5,3.75,26.5,5.25,0.5,292.5,130.25,7.5,1.75,116.75,6.75,2,335,4.25,1
2020-11-25T22:00:00,37.68264,145.8462667,0,999,0,140.75,8,1.5,3.75,18.25,7.5,0.75,292.75,133,7.5,1.75,121.5,7,2,335.25,4,1
2020-11-25T23:00:00,37.67304,146.0811683,0,999,0,143.5,8,1.75,3.75,4.75,10.25,0.75,292.5,135.25,7.5,1.75,127.25,7,2,333,4,0.75
2020-11-26T00:00:00,37.66930667,146.31016,0,999,0,145,8,1.75,3.75,47.25,9.5,0.75,292.25,135.75,7.5,1.75,132,7,2,327.5,3.75,0.75
2020-11-26T01:00:00,37.67288,146.56016,0,999,0,146.25,8,1.75,3.75,3.5,9.75,0.75,291.5,138.25,7.5,1.75,137.5,7.25,2,320.5,3.5,0.5
2020-11-26T02:00:00,37.68074667,146.84648,0,999,0,149.75,8.25,1.75,3.75,88.5,8.5,0.75,291.25,142.75,7.75,1.75,143.25,7.25,2,319,3.5,0.5
2020-11-26T03:00:00,37.68877333,147.1341867,0,999,0,151.25,8.25,1.75,3.75,170.25,7.25,0.75,290.75,146.25,7.75,2,147.25,7.5,2,314.25,3.25,0.5
2020-11-26T04:00:00,37.67973333,147.39776,0,999,0,152.5,8.25,1.75,3.75,88.75,5.25,0.75,292.5,148,7.75,2,149.5,7.5,2,318,3.5,0.5
2020-11-26T05:00:00,37.63605333,147.6845067,0,999,0,153.75,8.25,1.75,3.75,133,6,0.75,293,150,7.75,2,151.5,7.5,2,318.5,3.5,0.5
2020-11-26T06:00:00,37.59378667,148.0105067,0,999,0,155.25,8.25,1.75,3.75,85.5,5.25,0.75,292.75,152,7.75,2,154.25,7.5,2,314.5,3.25,0.5
2020-11-26T07:00:00,37.54050667,148.4222667,0,999,0,157.75,8.25,1.75,3.75,350.5,6.75,0.75,292.75,153.75,7.75,2,157,7.25,2,314.75,3.5,0.5
2020-11-26T08:00:00,37.48808,148.81264,0,999,0,159.75,8.25,1.75,4,341.75,5.5,1,292.25,157.5,7.75,2,160,7.5,2,313.75,3.25,0.5
2020-11-26T09:00:00,37.45845333,149.0487733,0,999,0,159,8.25,1.75,3.75,341,5.5,1,292.25,157.25,7.75,2,159.5,7.5,2,309.5,3,0.5
2020-11-26T10:00:00,37.42722667,149.2823733,0,999,0,158.5,8,1.75,3.75,341.5,5.75,0.75,291.75,157,7.75,2,160,7.5,2,314.5,3.5,0.5
2020-11-26T11:00:00,37.38773333,149.5694133,0,999,0,159.5,8,1.75,3.75,335.25,5.5,0.75,291,160,7.75,2,162.25,7.5,2,319,3.25,0.5
2020-11-26T12:00:00,37.34818667,149.8780533,0,999,0,160,8,1.75,3.75,332.75,5.5,0.75,290.5,161.5,7.5,2,163.25,7.5,2,318.75,3,0.5
2020-11-26T13:00:00,37.30298667,150.2075467,0,999,0,161,8,1.75,3.75,331.25,5.25,0.75,290,163.25,7.5,2,164.5,7.5,2,322.75,2.75,0.25
2020-11-26T14:00:00,37.28509167,150.3650683,0,999,0,160.5,8,1.5,3.5,330.75,5.25,0.75,289.75,163.25,7.5,1.75,164.25,7.5,2,323.25,2.5,0.25
2020-11-26T16:00:00,37.20482667,150.9688267,0,999,0,161.25,7.75,1.5,3.5,330,5.25,0.75,289.5,167.25,7.5,1.75,168.25,7.25,1.75,315,2.25,0.25
2020-11-26T17:00:00,37.17853333,151.1675733,0,999,0,158.5,7.75,1.5,3.25,331.5,5.5,0.75,289.75,164.75,7.5,1.75,166.25,7.25,1.75,321,2.75,0.25
2020-11-26T19:00:00,37.10936333,151.6902067,0,999,0,157.75,7.75,1.25,3.25,331.25,6.25,0.75,290,167.25,7.5,1.75,173.5,7.25,1.75,328.5,3.25,0.5
2020-11-26T20:00:00,37.06392,152.03312,0,999,0,156.25,7.75,1.25,3.25,336,7.5,1,290,167.75,7.5,1.75,182,7,1.75,329.5,3.5,0.5
2020-11-26T21:00:00,37.03773333,152.2588533,0,999,0,154.75,7.75,1.25,3.25,335,7.5,1,291.25,165.5,7.5,1.5,194.25,6.75,1.75,334.25,3.75,0.75
2020-11-26T22:00:00,37.00981333,152.4677333,0,999,0,153.75,7.75,1.25,3.25,331,7.5,1,291.5,172.75,7.5,1.5,310,6.75,1.75,339.25,3.75,0.75
2020-11-26T23:00:00,36.96632,152.7789867,0,999,0,153.25,7.5,1.25,3.25,328,7.25,1.25,292.5,218,7.25,1.75,327,6.75,1.75,345.5,3.5,0.75
2020-11-27T00:00:00,36.92450667,153.0702667,0,999,0,282,7.25,1.25,3.25,194.75,7,1,294.5,241.75,7.25,1.75,269.5,6.75,1.75,287,3.5,0.75
2020-11-27T01:00:00,36.88442667,153.3612533,0,999,0,328,7.25,1.25,3.25,151.25,7.5,1,295,315.5,7.25,1.75,337,6.75,1.75,267.25,3.5,0.75
2020-11-27T02:00:00,36.84994667,153.6246933,0,999,0,329,7,1.25,3.5,151.25,7.5,1,295.25,324,7.25,1.75,336.25,6.75,1.75,270.75,3.25,0.5
2020-11-27T03:00:00,36.81485333,153.8856,0,999,0,328.75,7.25,1.5,3.5,149.5,7.5,1,295.25,325.25,7.25,1.75,335.75,6.75,1.75,5.25,3.25,0.5
2020-11-27T04:00:00,36.78093333,154.1395467,0,999,0,329.5,7.25,1.25,3.5,147.5,7.5,1,295,329.5,7.25,1.75,338,7,1.75,10.75,3.25,0.5
2020-11-27T05:00:00,36.74845333,154.3818933,0,999,0,329.75,7.25,1.5,3.5,146.75,7.5,1,294.75,330.25,7.25,1.75,337.25,7,1.75,12.5,3,0.5
2020-11-27T06:00:00,36.72826667,154.5397333,0,999,0,330,7.25,1.5,3.5,144.5,7.5,1,294.5,331.25,7.25,1.75,337.25,7,1.75,13.5,3,0.5
2020-11-27T07:00:00,36.68677333,154.86448,0,999,0,330,7.5,1.5,3.5,143.25,7.5,1,294.25,332.75,7.5,1.75,338.25,7.25,1.75,16.25,3,0.5
2020-11-27T08:00:00,36.65194667,155.1125867,0,999,0,330.25,7.5,1.5,3.5,142.25,7.5,1,294.5,333.25,7.5,1.75,337.75,7.25,1.75,19.5,2.75,0.5
2020-11-27T09:00:00,36.62557333,155.3118133,0,999,0,330.75,7.5,1.5,3.5,141,7.5,1,294.5,334.5,7.5,1.75,337.75,7.25,1.75,30.75,2.5,0.25
2020-11-27T10:00:00,36.59445333,155.5232533,0,999,0,332,7.5,1.5,3.5,140,7.75,1,294.5,336,7.5,1.75,337,7.5,1.75,45.5,2.5,0.25
2020-11-27T11:00:00,36.56208,155.7500267,0,999,0,332.25,7.5,1.5,3.5,132,7.75,1,294.25,337.25,7.5,1.75,338.5,7.5,1.75,62.25,2.25,0.25
2020-11-27T12:00:00,36.54053333,155.9148533,0,999,0,332.25,7.75,1.5,3.5,129,8,0.75,294.25,337.25,7.75,1.75,338,7.5,1.75,75.25,2.25,0.25
2020-11-27T13:00:00,36.52178667,156.1177333,0,999,0,332.25,7.75,1.5,3.5,129.25,8,0.75,294,337.25,7.75,1.75,337.25,7.75,1.75,91,1.75,0
2020-11-27T14:00:00,36.49866667,156.28728,0,999,0,331.75,7.75,1.5,3.5,126.25,8,0.75,294,336.75,7.75,1.75,336.75,7.75,1.75,85.5,2.25,0
2020-11-27T15:00:00,36.46130667,156.5916,0,999,0,331.25,8,1.5,3.5,127,8,0.75,294,336,8,1.75,336,8,1.75,35.25,3.75,0
2020-11-27T16:00:00,36.43989333,156.74544,0,999,0,331,8,1.5,3.5,127.25,8,0.75,294.25,335.75,8,1.75,335.75,8,1.75,35.25,3.75,0
2020-11-27T17:00:00,36.40570833,156.9802617,0,999,0,331,8,1.5,3.5,127.75,8,0.75,294.5,337.5,8,1.75,337.5,8,1.75,56.75,3.5,0
2020-11-27T18:00:00,36.37712667,157.19507,0,999,0,330.75,8.25,1.5,3.5,128,8,0.75,294.5,337,8,1.75,337.25,8,1.75,126.5,2,0.25
2020-11-27T20:00:00,36.30578667,157.7101333,0,999,0,330.5,8.25,1.5,3.5,127.5,8.25,0.75,295,336.75,8.25,1.75,338.5,8,1.75,135.5,3,0.25
2020-11-27T21:00:00,36.27818667,157.93768,0,999,0,330.25,8.5,1.5,3.5,128,8.25,0.75,295,336.25,8.25,1.75,338.5,8,1.75,139,3,0.5
2020-11-27T22:00:00,36.23503333,158.2425483,0,999,0,330.25,8.5,1.5,3.5,130,8.25,0.75,295,335.25,8.25,1.75,338.75,8,2,130.25,3.25,0.5
2020-11-27T23:00:00,36.21306333,158.4363667,0,999,0,330.25,8.5,1.5,3.5,126,9.25,0.75,295,334.5,8.5,1.75,340.25,7.75,2,132.75,3.75,0.75
2020-11-28T00:00:00,36.17698667,158.6684267,0,999,0,330.25,8.5,1.5,3.75,124.25,9.25,0.75,294.75,335,8.5,1.75,345,7.75,2,136.25,4,1
2020-11-28T01:00:00,36.15045333,158.88872,0,999,0,329.5,8.75,1.5,3.75,121,9.5,0.75,294.75,336,8.5,1.75,347.75,7.5,2,141,4.25,1
2020-11-28T02:00:00,36.11074667,159.15656,0,999,0,329.25,8.75,1.5,3.75,122,9.25,0.75,294.75,337.25,8.5,1.75,349,7.5,2,144.5,4,1
2020-11-28T03:00:00,36.08138667,159.40168,0,999,0,329,8.75,1.5,3.75,124.5,9,0.75,294.75,338.25,8.5,1.75,346.75,7.5,2,148.75,4,1
2020-11-28T04:00:00,36.04581333,159.6462933,0,999,0,329,8.75,1.5,3.75,123.25,9.25,0.75,294.5,338.5,8.5,1.75,345.75,7.5,2,150.75,4,1
2020-11-28T05:00:00,36.01250667,159.8948267,0,999,0,329,8.75,1.5,3.75,117.75,9.5,0.75,294.25,337.75,8.75,1.75,342,7.5,2,154.75,4.25,1
2020-11-28T06:00:00,36.00021333,160.1470133,0,999,0,328.75,8.75,1.5,3.75,117.5,9.5,0.75,293.75,338.25,8.5,1.75,335,7.5,2,159.5,4,1
2020-11-28T07:00:00,35.99896,160.4236533,0,999,0,328.5,8.75,1.5,3.75,121.25,9,0.75,293,340,8.5,1.75,328.25,7.5,2,169.25,4,1
2020-11-28T08:00:00,36.00050667,160.6930667,0,999,0,327.75,8.75,1.5,3.75,118.75,9,0.75,291.75,341.25,8.5,1.75,324.75,7.5,2,176.25,4,1
2020-11-28T09:00:00,36.0008,160.92928,0,999,0,327.25,8.75,1.5,3.75,117.25,9.25,0.75,291.75,342.5,8.5,1.75,303.75,7.25,2,182.5,4.25,1
2020-11-28T10:00:00,36.00157333,161.1893067,0,999,0,326.75,9,1.5,3.75,118,9.25,0.75,291.75,341.5,8.5,1.75,303.5,7.25,2,181.5,4.25,1
2020-11-28T11:00:00,35.97333333,161.4334933,0,999,0,326.25,9,1.25,3.75,116.5,9.5,0.75,291.75,343.5,8.5,1.5,274,7.25,2,186.75,4.25,1
2020-11-28T12:00:00,35.89586667,161.65304,0,999,0,326.25,9,1.25,4,114.25,9,0.75,292.25,345,8.5,1.5,238,6.75,2,193.5,4.5,1.25
2020-11-28T13:00:00,35.83138667,161.8422667,0,999,0,325.75,9,1.25,4.25,110,8.25,0.75,293.25,344,8.75,1.5,214.75,6.5,2.25,196,4.75,1.75
2020-11-28T14:00:00,35.76189333,162.0368267,0,999,0,325.5,9.25,1.25,5,109.5,8.5,0.75,293.75,342.75,8.75,1.5,206.5,6.25,2.5,196.25,5,2
2020-11-28T15:00:00,35.70096,162.28776,0,999,0,325.5,9.25,1,5.5,111,10.25,0.5,294,351.5,8.75,1.25,205.5,6.25,2.75,201,5.25,2.5
2020-11-28T16:00:00,35.67282667,162.50008,0,999,0,325.25,9.25,1,5.75,112.5,10,0.5,294,357,8.75,1.25,208,6.25,3,205.25,5.75,2.75
2020-11-28T17:00:00,35.64597333,162.7172267,0,999,0,325.25,9.5,1,6.25,109.5,10.25,0.5,293.75,50.5,8.75,1.25,210.5,6.5,3,209.5,6,2.75
2020-11-28T18:00:00,35.61506667,162.9532267,0,999,0,325.5,9.5,1,6.5,107,10.25,0.5,293.5,31.5,8.75,1,213.25,6.5,3.25,213,6.25,3.25
2020-11-28T19:00:00,35.57226667,163.2538667,0,999,0,326,9.5,0.75,7,101,10,0.5,293.5,115.75,8.5,1,216.5,6.75,3.5,218.25,6.5,3.25
2020-11-28T20:00:00,35.54237333,163.4637867,0,999,0,326.5,9.5,0.75,7,101,10,0.5,293.5,149,8.25,0.75,220,6.75,3.5,223.5,6.75,3.5
2020-11-28T21:00:00,35.49226667,163.8638667,0,999,0,325.5,9.75,1,7,102.25,10,0.5,293.5,159.5,8.25,1,224,7,3.75,229.25,6.75,3.5
2020-11-28T22:00:00,35.48325333,163.93488,0,999,0,287.5,9.25,1.75,7,102.5,10,0.5,293.75,179.25,8,1.75,227.75,7.25,3.5,239.5,7,3
2020-11-28T23:00:00,35.45648,164.1538667,0,999,0,168,8.25,1.75,6.75,104,9.25,0.25,293.5,196,8.25,1.75,230.75,7.25,3.5,246.75,6.75,3
2020-11-29T00:00:00,35.43349333,164.38872,0,999,0,185.75,7.5,0.75,6.5,102.75,10,0.5,293,209.25,8.25,0.75,232.5,7.5,3.25,251.25,6.25,3.25
2020-11-29T01:00:00,35.40026667,164.62512,0,999,0,147.25,7.75,1,6.25,103.25,9.25,0.25,293,219.25,8.25,1.25,234.75,7.5,3.25,258,6,2.75
2020-11-29T02:00:00,35.36594667,164.87288,0,999,0,152,7,0.75,6,103.75,9.75,0.5,293,223.75,8.25,1,237.25,7.5,3.25,265.25,5.75,2.75
2020-11-29T03:00:00,35.33010667,165.1234933,0,999,0,172.25,7.25,1.25,6,110.75,9.25,0.5,293.25,227.25,8.25,1.75,240,7.5,3,274.5,5.5,2.25
2020-11-29T04:00:00,35.30002667,165.35832,0,999,0,196,7.75,1.75,5.75,121.25,8.25,0.5,293.25,228.75,8.25,2.25,242.75,7.5,3,282,5.25,1.75
2020-11-29T05:00:00,35.26768,165.6061333,0,999,0,225,8,2.5,5.75,121.25,8.25,0.5,293.25,228.5,8.25,2.5,247,7.5,3,288,5.5,1.5
2020-11-29T06:00:00,35.23554667,165.8469067,0,999,0,223.25,8,2.25,5.75,109.5,9.5,0.5,293.5,227.75,8.25,2,252.75,7.5,3,291.25,6,2
2020-11-29T07:00:00,35.20205333,166.0957067,0,999,0,223,8.25,2.25,6,106.25,10,0.5,293.75,226.75,8.5,2,259.5,7.5,3,293.5,6.25,2.25
2020-11-29T08:00:00,35.16594667,166.3665067,0,999,0,225,8.25,2,6,108.25,10,0.5,293.75,231,8.5,2.25,264.5,7.5,3,296.25,6.25,2.25
2020-11-29T09:00:00,35.13731333,166.5747367,0,999,0,223,8.25,2,6,109.25,10,0.5,293.75,239.25,8.75,1.75,271.25,7.5,3.25,298.5,6.25,2.5
2020-11-29T10:00:00,35.10912,166.8144,0,999,0,273.75,10,2.25,6.25,134.5,8.75,0.5,293.75,248.75,9,1.75,277,7.75,3.25,299,6.5,2.5
2020-11-29T11:00:00,35.07589333,167.06104,0,999,0,275.5,9.75,2.5,6.5,170.25,7.25,0.75,294,265.25,9.25,2.5,282.25,8,3.5,300.25,6.25,2.25
2020-11-29T12:00:00,34.90498667,168.3671733,0,999,0,267.75,9.25,2.5,6,153.75,7.25,0.5,294.25,261.75,9,2.5,276.5,8,3.25,299,5.75,1.75
2020-11-29T13:00:00,35.00656,167.5861333,0,999,0,288.5,10,2.5,6.5,163,6.75,0.5,294,281,9.75,2.75,288.75,8.5,3.5,299,6.25,2
2020-11-29T14:00:00,34.98242667,167.7695467,0,999,0,295.75,10.75,2.75,6.75,163,6.75,0.5,294,289.5,10.25,2.75,293,8.75,3.75,297.25,6.5,2.25
2020-11-29T15:00:00,34.95362667,167.9989333,0,999,0,301.5,11.25,2.75,7,162.75,6.5,0.5,294.25,295.75,10.75,3,296.5,9.25,3.75,297.25,6.75,2.5
2020-11-29T16:00:00,34.92221333,168.22864,0,999,0,305,11.75,2.75,7.25,131,8.75,0.5,294.25,299,11,3,298.75,9.25,3.75,298.75,6.75,2.5
2020-11-29T17:00:00,34.90498667,168.3671733,0,999,0,310.75,12,3,7.5,130.75,8.75,0.5,294.25,303.75,11.5,3.25,302.25,9.75,4,300.25,7,2.5
2020-11-29T18:00:00,34.86794667,168.61184,0,999,0,312.5,12.25,3,7.5,150.75,7.75,0.5,294.5,306.5,11.5,3.25,304.75,9.75,4,302.5,6.75,2.5
2020-11-29T19:00:00,34.82544,168.93072,0,999,0,312.5,12.25,3.25,7.75,118.25,9.25,0.5,294.5,308.25,11.75,3.5,307,10,4.25,304.75,6.75,2.5
2020-11-29T20:00:00,34.79962667,169.14552,0,999,0,312.5,12.25,3.5,8,118.25,9,0.5,294.75,309.75,11.75,3.5,309,10.25,4.25,307.5,6.5,2.25
2020-11-29T21:00:00,34.76306667,169.4454667,0,999,0,313.25,12.25,3.75,8.25,117,8.75,0.5,294.75,311,12,3.75,310.75,10.5,4.5,309.5,6.25,2.25
2020-11-29T22:00:00,34.73712,169.6110933,0,999,0,315.25,12.75,4,8.5,117.75,8.75,0.5,294.5,313.25,12.25,4,312.5,10.75,4.5,310,6.5,2.25
2020-11-29T23:00:00,34.70898667,169.8445067,0,999,0,315.5,12.75,4.25,8.75,127.25,8.5,0.5,294.25,314.25,12.5,4.25,314,11,4.75,313.25,6.25,2
2020-11-30T00:00:00,34.68184,170.0631733,0,999,0,316.25,12.75,4.25,8.75,118.25,8.75,0.5,294.5,315.25,12.5,4.25,315.25,11.25,4.75,315.75,6,2
2020-11-30T01:00:00,34.64773333,170.2776267,0,999,0,317,12.75,4.5,9,118.25,8.75,0.5,294.25,316.25,12.5,4.5,316.5,11.5,4.75,318.25,5.75,2
2020-11-30T02:00:00,34.56514667,170.5206933,0,999,0,317.75,12.75,4.5,9.25,118.5,8.75,0.5,294.25,317,12.75,4.75,317.5,11.75,5,319.75,5.75,1.75
2020-11-30T03:00:00,34.45850667,170.77408,0,999,0,318.25,13,4.75,9.25,118.75,8.75,0.5,294.5,317.75,12.75,4.75,318.5,12,5,323,5.5,1.75
2020-11-30T04:00:00,34.34402667,171.0036533,0,999,0,318.75,13,4.75,9.25,118.5,8.75,0.5,294.5,318.5,12.75,4.75,319.25,12,5,325,5.5,1.5
2020-11-30T05:00:00,34.18656,171.2245067,0,999,0,319.5,12.75,4.5,9,118.25,8.75,0.5,294.5,319.5,12.75,4.75,320.25,12,5,328.25,5.25,1.5
2020-11-30T06:00:00,34.05890667,171.4109067,0,999,0,320.25,12.75,4.5,9,118,8.75,0.5,294.5,320.25,12.75,4.75,321,12.25,5,331.5,4.75,1.25
2020-11-30T07:00:00,33.91477167,171.63041,0,999,0,321,12.75,4.5,9,118.25,8.75,0.5,294.75,321,12.75,4.75,321.5,12.25,4.75,331.25,4.75,1.25
2020-11-30T08:00:00,33.771635,171.844895,0,998.75,0,321.5,12.75,4.75,9,118.5,8.75,0.5,295,321.5,12.75,4.75,322.25,12.25,4.75,333.25,4.5,1.25
2020-11-30T09:00:00,33.622525,172.0729067,0,998.5,0,322.25,12.75,4.75,9,118.5,8.75,0.5,295.25,322.25,12.75,4.75,322.75,12.5,4.75,334.75,4.25,1
2020-11-30T10:00:00,33.46493333,172.2862133,0,998.5,0,322.75,12.75,4.75,8.75,118.5,8.75,0.5,295.25,323,12.75,4.75,323.25,12.5,4.75,334.75,3.75,0.75
2020-11-30T11:00:00,33.31330667,172.43888,0,999,0,323.25,12.75,4.75,8.75,118.5,8.75,0.5,295.25,323.5,12.75,4.75,323.75,12.5,4.75,334.5,3.5,0.75
2020-11-30T12:00:00,33.17085333,172.6752267,0,999,0,323.75,12.75,4.75,8.5,118.5,8.75,0.5,295.25,324.25,12.75,4.75,324.25,12.5,4.75,334.75,3.25,0.5
2020-11-30T13:00:00,33.0948,172.83224,0,999,0,323.75,12.75,4.5,8.5,118.75,8.75,0.5,295.25,324.25,12.75,4.5,324.5,12.5,4.75,333.5,3.75,0.75
2020-11-30T14:00:00,32.84384,172.92032,0,998.75,0,324.5,12.75,4.5,8.25,118.75,8.75,0.5,295.5,325,12.75,4.5,325.25,12.5,4.5,336,3.25,0.5
2020-11-30T15:00:00,32.60293333,172.9961867,0,998.25,0,325.25,12.75,4.5,8,118.75,8.75,0.5,295.5,325.75,12.75,4.5,325.75,12.5,4.5,336.75,3.25,0.5
2020-11-30T16:00:00,32.3164,173.0790667,0,977.75,0,325.75,12.75,4.25,8,118.75,8.75,0.75,295.25,326.25,12.75,4.5,326.5,12.5,4.5,341,2.75,0.25
2020-11-30T17:00:00,32.07573333,173.15424,0,936.5,0,326.25,12.75,4.25,7.75,119.25,8.75,0.75,295.25,327,12.5,4.25,327,12.5,4.25,344,2.5,0.25
2020-11-30T18:00:00,31.75666667,173.2654133,0,971.25,0,327,12.75,4.25,7.5,121.75,9.25,0.75,295.25,327.75,12.75,4.25,328,12.5,4.25,345.75,2.25,0.25
2020-11-30T19:00:00,31.65032,173.3031733,0,985.25,0,327.25,12.75,4,7.5,121.75,9.25,0.75,295.25,328.25,12.5,4.25,328.25,12.5,4.25,346.25,2.25,0.25
2020-11-30T20:00:00,31.28346667,173.4478667,0,999,0,327.75,12.75,4,7.25,121.25,9.25,0.75,295.5,329,12.5,4,329,12.5,4,347,2.25,0.25
2020-11-30T21:00:00,31.02624,173.5457333,0,999,0,328.5,12.75,4,7.25,120.75,9,0.75,296,329.75,12.5,4,329.75,12.5,4,345,1.75,0
2020-11-30T22:00:00,30.76525333,173.6400533,0,999,0,329,12.75,4,7,120.5,9,0.75,296.25,330.25,12.5,4,330.25,12.5,4,150.75,3.25,0
2020-11-30T23:00:00,30.502,173.73456,0,999,0,329.25,12.75,3.75,7,120.25,9,1,297,331,12.5,4,331,12.5,4,35.25,3.75,0
2020-12-01T00:00:00,30.23810667,173.8301867,0,999,0,329.75,12.75,3.75,7,119.75,9,1,297.5,331.5,12.5,3.75,331.5,12.5,3.75,73.5,3.75,0
2020-12-01T01:00:00,29.97562667,173.92048,0,999,0,330.5,12.75,3.75,6.75,119,8.75,1,297.25,332.25,12.5,3.75,332.25,12.5,3.75,35.25,3.75,0
2020-12-01T02:00:00,29.70725333,174.0088267,0,999,0,330.75,12.75,3.5,6.75,118.75,8.75,1,297.25,332.75,12.5,3.75,332.75,12.5,3.75,34,3.75,0
2020-12-01T03:00:00,29.45162667,174.08976,0,999,0,331,12.5,3.5,6.75,118.5,8.75,1,297.5,333.5,12.5,3.75,333.5,12.5,3.75,35.25,3.75,0
2020-12-01T04:00:00,29.18741333,174.1742667,0,999,0,331.5,12.5,3.5,6.5,118,8.75,1,297.5,334.5,12.25,3.75,334.5,12.25,3.75,35.25,3.75,0
2020-12-01T05:00:00,28.90445333,174.2540267,0,999,0,331.75,12.5,3.5,6.5,117.5,8.75,1,297.5,335,12.25,3.5,335,12.25,3.5,35.25,3.75,0
2020-12-01T06:00:00,28.70826667,174.3138667,0,999,0,332,12.5,3.5,6.5,117,8.75,1,297.5,335.25,12.25,3.5,335.25,12.25,3.5,35.25,3.75,0
2020-12-01T07:00:00,28.39010667,174.35776,0,999,0,332.5,12.75,3.25,6.25,116,8.5,1,297.5,336.25,12.25,3.5,336.25,12.25,3.5,35.25,3.75,0
2020-12-01T08:00:00,28.16944,174.3015733,0,999,0,333,12.5,3.25,6.25,115.5,8.5,1,297.5,337,12.25,3.5,337,12.25,3.5,35.25,3.75,0
2020-12-01T09:00:00,27.89088,174.2232,0,999,0,333.25,12.5,3.25,6,115,8.5,1,297.75,337.75,12.25,3.5,337.75,12.25,3.5,35.25,3.75,0
2020-12-01T10:00:00,27.63477333,174.1546933,0,999,0,334,12.5,3,6,114,8.5,1,297.75,338.75,12,3.25,338.75,12,3.25,35.25,3.75,0
2020-12-01T11:00:00,27.35514667,174.0813333,0,999,0,334.25,12.5,3,5.75,113.25,8.5,1.25,298,339.25,12,3.25,339.25,12,3.25,35.25,3.75,0
2020-12-01T12:00:00,26.58733333,173.0918667,0,999,0,335.25,12.25,3,5.5,111.75,8.5,1.25,298.25,343.25,11.75,3,343.25,11.75,3,53,3.25,0
2020-12-01T13:00:00,26.93754667,173.96304,0,999,0,334.75,12.25,3,5.75,112.75,8.5,1.25,297.75,340.75,11.75,3.25,340.75,11.75,3.25,35.25,3.75,0
2020-12-01T14:00:00,26.62888,173.87384,0,999,0,335.25,12.25,3,5.5,112,8.5,1.25,298,342,11.75,3,342,11.75,3,35.25,3.75,0
2020-12-01T15:00:00,26.54370667,173.6921067,0,999,0,335.5,12.25,2.75,5.5,111.75,8.5,1.25,298.25,342.75,11.75,3,342.75,11.75,3,35.25,3.75,0
2020-12-01T16:00:00,26.56813333,173.35064,0,999,0,335.75,12,2.75,5.5,112.25,8.5,1.25,298.25,343.25,11.5,3,343.25,11.5,3,35.25,3.75,0
2020-12-01T17:00:00,26.58781333,173.0847467,0,999,0,336,11.75,2.75,5.25,112.25,8.5,1.25,298.25,344,11.25,3,344,11.25,3,88.25,3.25,0
2020-12-01T18:00:00,26.60773333,172.80112,0,999,0,336.5,12,2.75,5.5,112.75,8.75,1.25,298.25,345,11.5,3,344.75,11.5,3,245.5,2.25,0
2020-12-01T19:00:00,26.63522667,172.44584,0,999,0,337,11.75,2.75,5.5,113,8.75,1.25,298.5,346,11.5,3,345.75,11.5,3,226.75,1.75,0.25
2020-12-01T20:00:00,26.66834667,172.2164,0,999,0,337.25,11.75,2.75,5.25,113.25,8.75,1.25,298.25,347,11.25,3,346.75,11.25,3,243,2.25,0.25
2020-12-01T21:00:00,26.73304,171.9750933,0,999,0,337.5,11.5,2.5,5.25,113.75,9,1.25,298.25,348.25,11,2.75,347.5,11,2.75,250.25,2.5,0.25
2020-12-01T22:00:00,26.81712,171.7079467,0,999,0,338,11.25,2.5,5,114,9,1.25,298.25,349.5,10.75,2.75,348.25,10.75,2.75,263.75,2.75,0.25
2020-12-01T23:00:00,26.90237333,171.4389333,0,999,0,338.25,11,2.25,4.75,114.25,9,1.25,298.25,351,10.5,2.5,349.5,10.5,2.75,278,2.75,0.25
2020-12-02T00:00:00,26.98813333,171.17968,0,999,0,338.25,10.75,2.25,4.75,114.5,9,1.25,298.75,352.25,10.25,2.5,350.5,10.25,2.5,291.5,3,0.5
2020-12-02T01:00:00,27.0768,170.91016,0,999,0,337.75,10.5,2.25,4.5,114.75,9,1.25,299,352.5,10,2.5,351.25,10,2.5,293.5,2.75,0.25
2020-12-02T02:00:00,27.15917333,170.6421333,0,999,0,337.75,10.25,2,4.5,115,9,1.25,298.75,353.75,10,2.5,353.25,10,2.5,288.5,2.25,0.25
2020-12-02T03:00:00,27.23744,170.36928,0,999,0,338,10.25,2,4.25,115.25,9,1.25,298.5,354.5,9.75,2.25,354,9.75,2.25,282,2.25,0.25
2020-12-02T04:00:00,27.32021333,170.1140533,0,999,0,338.25,10,2,4.25,115.5,9,1.25,298.25,355.25,9.75,2.25,354.75,9.75,2.25,272.75,2.25,0.25
2020-12-02T05:00:00,27.40824,169.83912,0,999,0,339,10,2,4.25,115.5,9,1.25,298.25,334.25,9.75,2.25,333.5,9.75,2.25,273.25,2.5,0.25
2020-12-02T06:00:00,27.46818667,169.6293867,0,999,0,339.25,10,2,4.25,115.75,9.25,1.25,298.25,357.25,9.75,2.25,356.25,9.75,2.25,273.75,2.5,0.25
2020-12-02T07:00:00,27.56106667,169.30584,0,999,0,340,10,2,4,115.75,9.25,1.25,298.25,179.5,9.75,2.25,358.25,9.75,2.25,277.75,2.5,0.25
2020-12-02T08:00:00,27.64386667,169.01984,0,999,0,341,10,2,4,116.25,9.25,1.25,298.25,90.75,9.75,2.25,358.25,9.5,2.25,291,2.75,0.25
2020-12-02T09:00:00,27.71301333,168.77864,0,999,0,341.5,10,2,4,116.75,9.25,1,298.25,180.75,9.75,2.25,268.5,9.5,2.25,299,2.75,0.25
2020-12-02T10:00:00,27.79410667,168.51032,0,999,0,342.75,10,1.75,4,116.75,9.25,1,298.25,3,9.75,2.25,179.75,9.5,2.25,284.5,3,0.5
2020-12-02T11:00:00,27.8672,168.2607467,0,999,0,343.5,9.75,1.75,4,117,9.25,1,298.25,3.5,9.5,2.25,135.75,9.5,2.25,284.75,2.75,0.25
2020-12-02T12:00:00,27.94392,167.9936,0,999,0,344.5,9.75,1.75,4,117.5,9.25,1,298.25,4.5,9.5,2.25,2.5,9.5,2.25,296.75,2.75,0.25
2020-12-02T14:00:00,28.10786667,167.4282667,0,999,0,348.25,9.75,1.75,4,117.5,9.25,1,298.25,8.75,9.5,2,8.25,9.5,2,318,2.5,0.25
2020-12-02T15:00:00,28.22917333,167.1192267,0,999,0,349.5,9.75,1.75,4,117.75,9.25,1,298.25,10.25,9.5,2,10.25,9.5,2,50,2.75,0.25
2020-12-02T16:00:00,28.32176,166.8861067,0,999,0,350.25,9.75,1.75,4,117.75,9.25,1,298.25,11.75,9.5,2,12,9.25,2,13.75,3,0.5
2020-12-02T17:00:00,28.43664,166.6019733,0,999,0,351,9.75,1.75,4,117.75,9.25,1,298.25,13.25,9.5,2,14,9,2,18.75,3.25,0.5
2020-12-02T18:00:00,28.55616,166.2971467,0,999,0,352,9.5,1.75,4,118,9.25,1,298.25,14,9.5,2,15.5,9,2,26.5,3.25,0.5
2020-12-02T19:00:00,28.65488,166.034,0,999,0,352.75,9.25,1.75,4,118.25,9.25,1,298.25,14,9.25,2,15.75,9,2,32.75,3.25,0.5
2020-12-02T20:00:00,28.78205333,165.68552,0,999,0,353.5,9.25,1.75,4,118.5,9.25,1,298.75,13.75,9.25,2,15.5,9,2.25,39.25,3,0.5
2020-12-02T21:00:00,28.85946667,165.4769067,0,999,0,353.75,9.25,2,4,119,9.25,1,298.75,12,9.25,2,13.25,9,2.25,44.25,2.75,0.5
2020-12-02T22:00:00,28.96434667,165.1878667,0,999,0,354.5,9,2,4,119.25,9.25,1,298.75,10.25,9,2.25,10.5,9,2.25,47,1.75,0
2020-12-02T23:00:00,29.02338667,164.9041867,0,999,0,353.5,9.25,2,4.25,119,9.25,1,298.5,8.75,9.25,2.25,8.75,9.25,2.25,42.5,2,0.25
2020-12-03T00:00:00,29.07893333,164.62352,0,999,0,351.25,9.25,2,4.25,119.25,9.25,1,298,5.25,9.25,2.25,6,9.25,2.25,39.75,2.5,0.25
2020-12-03T01:00:00,29.1356,164.3379933,0,999,0,349.5,9.5,2.25,4.5,119,9.25,1,298,93,9.5,2.25,4.25,9.25,2.25,37.75,3,0.5
2020-12-03T02:00:00,29.17738667,164.0744267,0,999,0,348,9.75,2.25,4.5,119,9.25,1,298,90.75,9.5,2.5,3.25,9.25,2.5,45,3.25,0.5
2020-12-03T03:00:00,29.20981333,163.7888533,0,999,0,347,9.75,2.25,4.75,119,9.25,1,297.5,178.25,9.75,2.5,1.75,9.25,2.5,53,3.25,0.5
2020-12-03T04:00:00,29.23829333,163.5293333,0,999,0,347,9.75,2.25,4.75,119,9.25,1,297.5,357.75,9.75,2.5,181.25,9.25,2.5,62.25,3.25,0.5
2020-12-03T05:00:00,29.27266667,163.2591467,0,999,0,346.75,9.75,2.25,4.75,119,9.25,1,297.75,357,9.75,2.5,180.75,9.25,2.5,71.5,3.25,0.5
2020-12-03T06:00:00,29.2952,163.0702933,0,999,0,346.5,9.75,2.25,4.75,119,9.25,1,297.75,356.5,9.75,2.5,180.25,9.25,2.5,79.75,3.25,0.5
2020-12-03T07:00:00,29.33408,162.7305333,0,999,0,346,9.75,2.25,4.75,119,9.25,1,297.75,355.75,9.75,2.5,269.5,9.5,2.5,86.25,3.25,0.5
2020-12-03T08:00:00,29.37314667,162.4294667,0,999,0,346,9.75,2.25,4.75,118.75,9.25,1,298.25,355.75,9.75,2.5,269.5,9.5,2.5,94,3.25,0.5
2020-12-03T09:00:00,29.40552,162.2125867,0,999,0,345.75,9.75,2.25,4.75,118.5,9.5,1,298.5,355.5,9.75,2.5,269.75,9.5,2.5,102.5,3.5,0.5
2020-12-03T10:00:00,29.44304,161.9208533,0,999,0,345.5,10,2.25,5,118,9.5,1,298.75,355.25,9.75,2.5,0.5,9.25,2.5,113.75,3.5,0.75
2020-12-03T11:00:00,29.47696,161.64696,0,999,0,345.75,10,2.25,5,117.5,9.5,1,298.75,355.75,9.75,2.5,1.75,9.25,2.5,121.75,3.75,0.75
2020-12-03T12:00:00,29.51386667,161.3689067,0,999,0,344.5,10,2.25,5,116.75,9.5,1,299,357.25,9.75,2.5,2.75,9.25,2.5,133.5,3.75,0.75
2020-12-03T13:00:00,29.55226667,161.0862933,0,999,0,344.5,10,2.25,5,116.25,9.75,1,299,358.25,9.75,2.5,4.25,9.25,2.5,142.5,3.75,0.75
2020-12-03T14:00:00,29.58834667,160.8097067,0,999,0,344.25,10.25,2.25,5,116,9.75,1,298.5,224,9.75,2.5,5.25,9,2.5,151.75,4,1
2020-12-03T15:00:00,29.62266667,160.53496,0,999,0,344.5,10.25,2.25,5,116,9.75,1,298.5,90.75,9.75,2.5,6.5,9,2.5,160,4,1
2020-12-03T16:00:00,29.65608,160.2891733,0,999,0,344.75,10.25,2,5,116.5,9.75,1,298.25,3,9.75,2.5,7.25,8.75,2.5,169.25,4,1
2020-12-03T17:00:00,29.68896,159.99648,0,999,0,344.75,10.25,2,5,116.75,9.75,1.25,298,4.5,9.5,2.5,7.25,8.75,2.5,177.25,4,1
2020-12-03T18:00:00,29.71872,159.7545067,0,999,0,345.25,10.25,2,4.75,116.75,9.75,1,298.25,6,9.5,2.25,7.25,8.75,2.5,182.25,4,1
2020-12-03T19:00:00,29.75208667,159.5008783,0,999,0,345.75,10.25,2,4.75,116.75,9.75,1,298,5.75,9.5,2.25,9.25,8.75,2.5,179.25,4,1
2020-12-03T20:00:00,29.78349333,159.2401067,0,999,0,346.5,10.25,2,4.75,116.5,9.75,1,298,8.25,9.5,2.25,13.25,8.5,2.5,181.5,4.25,1.25
2020-12-03T21:00:00,29.81413333,158.9688,0,999,0,347,10.25,1.75,4.75,116.75,9.75,1.25,297.75,13,9.5,2.25,16.5,8.25,2.5,190,4.25,1.25
2020-12-03T22:00:00,29.84682667,158.7312533,0,999,0,347.5,10.25,1.75,4.75,116,9.75,0.75,297.5,15.25,9.5,2,37.5,8,2.5,193.5,4.5,1.5
2020-12-03T23:00:00,29.87829333,158.4802667,0,999,0,348.25,10.25,1.75,5,116.5,10,0.75,297.5,18.5,9.5,2,181.75,7.5,2.5,195,4.75,1.75
2020-12-04T00:00:00,29.90634667,158.2306667,0,999,0,349.25,10.5,1.5,5,116.75,9.5,1,297.5,23.5,9.5,2,188,7.25,2.75,196,5,1.75
2020-12-04T01:00:00,29.93701333,157.9758667,0,999,0,350.75,10.5,1.5,5,115.75,10,0.75,297.5,60,9,1.75,195.25,7.25,2.75,211,5.25,2
2020-12-04T02:00:00,29.97112,157.7290933,0,999,0,343.5,10.25,1.25,5.25,143.5,6.25,1.25,297.5,81,8.75,1.75,206,7,2.75,220.75,5.25,2
2020-12-04T03:00:00,30.04003667,157.1355933,0,999,0,345.25,10.25,1.25,5.5,114.75,10,0.75,297.25,114.25,8.5,1.75,217,6.75,2.75,232,5.5,2.25
2020-12-04T04:00:00,30.03362667,157.2160533,0,999,0,168.25,6.75,1.5,5.5,345.75,10.25,1,297.25,157.25,8.25,2,224,6.75,2.75,247.75,5.25,2
2020-12-04T05:00:00,30.06285333,156.9416533,0,999,0,202.25,6.75,2,5,348.25,10.5,1,297,203.25,7.5,2.25,227,7,2.5,292.75,4.25,1.25
2020-12-04T06:00:00,30.09559,156.6514267,0,999,0,210,6.5,2,4.75,345.75,10.25,1,296.75,210,7.5,2.25,223.5,7.25,2.5,321.75,3.75,0.75
2020-12-04T07:00:00,30.13002667,156.3792533,0,999,0,208,6.75,1.75,4.25,346.5,10,1,296.5,209,7.5,2.25,219.5,7.25,2.25,337,3.5,0.75
2020-12-04T08:00:00,30.16746833,156.1048017,0,999,0,203.5,6.75,1.75,4.25,346.25,10,1,296.5,207.5,7.5,2,216.25,7.25,2.25,350.75,3.5,0.5
2020-12-04T09:00:00,30.20981,155.813715,0,999,0,200.5,6.75,1.5,4,345.75,10,1,296.5,205.25,7.75,2,222,7.25,2,5.5,3.75,0.75
2020-12-04T10:00:00,30.24034667,155.5600533,0,999,0,198.75,6.75,1.5,4,218.5,7.5,1,296.75,209.5,7.5,2,251.25,7.25,2,15.25,3.75,0.75
2020-12-04T11:00:00,30.28138667,155.23184,0,999,0,196.25,6.75,1.25,4,220.75,7.75,1,297,223.25,7.5,2,183.75,7,2,18.25,4,0.75
2020-12-04T12:00:00,30.31858667,154.9306667,0,999,0,218.5,6.75,1.25,4,250.75,7.25,1.25,296.75,280.75,7.75,1.75,12.25,7,2,23.75,4,1
2020-12-04T13:00:00,30.36010167,154.606875,0,999,0,301.25,6.5,1.25,4,168.5,7.5,1,296.75,296.5,7.75,1.75,16.75,7,2,29,4,1
2020-12-04T14:00:00,30.39658667,154.3393067,0,999,0,312.5,7,1.25,4,171.75,7.25,1,296.75,267.75,7.75,1.75,19.75,7,2,34,4,1
2020-12-04T15:00:00,30.43709167,154.0099867,0,999,0,337.5,7,1.25,4,181,6.75,1,296.75,6,7.75,1.75,23.25,7,2,40.25,4,1
2020-12-04T16:00:00,30.46074167,153.7186,0,999,0,342.25,7.25,1.5,3.75,176.25,6.75,0.75,296.5,7.75,7.75,1.75,23.25,7,2,44.5,4,0.75
2020-12-04T17:00:00,30.48864,153.42256,0,999,0,344.25,7.25,1.5,3.75,121,8.75,0.75,296.5,11,7.75,1.75,25.5,7,2,51.5,3.75,0.75
2020-12-04T18:00:00,30.51674667,153.17144,0,999,0,345.75,7.25,1.5,3.75,129.25,8.25,1,296.5,13.5,7.75,1.75,26.75,7,2,55.5,3.75,0.75
2020-12-04T19:00:00,30.5596,152.79976,0,999,0,346.5,7.25,1.5,3.5,132,8.25,1,296.25,15,7.75,1.75,27,7,1.75,59.25,3.75,0.75
2020-12-04T20:00:00,30.57354667,152.6943467,0,999,0,348,7.25,1.5,3.5,132.25,8.25,1,296.25,13,7.75,1.75,25.25,7.25,2,61.5,3.75,0.75
2020-12-04T21:00:00,30.61429333,152.3388533,0,999,0,348.5,7.25,1.5,3.5,130.5,8.25,1,296,11.75,7.75,1.75,24,7.25,2,65,3.75,0.75
2020-12-04T22:00:00,30.65568,152.01072,0,999,0,345.75,7.75,1.5,3.75,129,8.25,1,296.25,8,8,1.75,22.5,7.25,2,57.25,4,0.75
2020-12-04T23:00:00,30.68853333,151.7627467,0,999,0,347.25,8,1.5,4,128.5,8.25,0.75,296.25,3.75,8,1.75,20.75,7.25,2,59.5,4,1
2020-12-05T00:00:00,30.72170667,151.4935733,0,999,0,348.75,8,1.75,4,128,8.5,0.75,296.25,2.75,8,2,20.25,7.25,2.25,63.75,4,1
2020-12-05T01:00:00,30.74408,151.3135733,0,999,0,349,8.25,1.75,4,127,8.5,0.75,296.25,182,8,2,19.75,7.25,2.25,64.75,4.25,1
2020-12-05T02:00:00,30.78565333,150.9688533,0,999,0,349.25,8.25,1.75,4.25,126,8.25,0.75,296.5,181.5,8.25,2,19.75,7.25,2.25,64.75,4.25,1
2020-12-05T03:00:00,30.81989333,150.6994667,0,999,0,350,8.25,1.75,4.5,125.5,8.5,0.75,296.25,270.75,8.25,2,20.5,7.25,2.25,66.5,4.5,1.25
2020-12-05T04:00:00,30.85674667,150.4398933,0,999,0,351,8.25,2,4.5,124.75,8.5,0.75,296.25,1.5,8.25,2,22,7.25,2.25,70.5,4.5,1.25
2020-12-05T05:00:00,30.89282667,150.1664267,0,999,0,353.5,8.25,2,4.5,123.75,8.75,0.75,296.25,3.5,8.25,2,24.25,7.5,2.5,78.5,4.5,1.25
2020-12-05T06:00:00,30.90874667,149.9944533,0,999,0,356.5,8.25,2,4.5,124.25,8.75,0.75,296.25,6,8.25,2,26.25,7.5,2.25,88.5,4.5,1
2020-12-05T07:00:00,30.94549333,149.67104,0,999,0,354.25,8.5,1.75,4.5,72.25,7,0.75,296.25,8.5,8.25,2,32.75,7.25,2.5,97.75,4.75,1.25
2020-12-05T08:00:00,30.98453333,149.3775467,0,999,0,353.25,8.5,1.75,4.5,59.25,6,0.75,296.25,15,8.25,2,36,7.25,2.25,106,4.5,1
2020-12-05T09:00:00,31.00408,149.2145333,0,999,0,353.25,8.5,1.75,4.25,73,6,1,296.25,22,8,2,36.75,7.5,2.25,112.5,4,1
2020-12-05T10:00:00,31.03914667,148.9356833,0,999,0,353.75,8.75,1.5,4.25,107.75,8.75,1.25,296,24,8,2,39,7.5,2.25,97.75,4,1
2020-12-05T11:00:00,31.06608,148.6940267,0,999,0,352.75,8.75,1.5,4,88.75,6.75,1,295.75,25.75,8,2,41.5,7.5,2.25,100.5,4,0.75
2020-12-05T12:00:00,31.09216,148.4425217,0,999,0,353,8.75,1.5,4,81.75,6,1.25,295.5,31.75,8,2,42.75,7.5,2,113,3.5,0.75
2020-12-05T13:00:00,31.12840167,148.17396,0,999,0,354.25,8.75,1.5,3.75,85,6,1.25,295.75,36.25,7.75,2,45.25,7.5,2,123.25,3.5,0.5
2020-12-05T14:00:00,31.16058667,147.9081867,0,999,0,354.75,8.75,1.25,3.5,86.75,6,1,295.75,40,7.75,1.75,47.75,7.5,2,132.75,3.25,0.5
2020-12-05T16:00:00,31.22930667,147.3533333,0,999,0,229,7.75,1.25,3.5,221.25,7.25,1,295.5,52,7.5,1.75,57.25,7.25,1.75,182.75,2.75,0.5
2020-12-05T17:00:00,31.25501333,147.1498133,0,999,0,233.25,7.5,1.25,3.25,222.5,7.25,1,295.5,57,7.5,1.75,57.5,7.25,1.75,237.5,2.5,0.25
2020-12-05T19:00:00,31.31054667,146.67579,0,999,0,233,7.75,1.25,3,223.25,7.25,1,295.75,59.5,7.5,1.5,56.25,7.25,1.5,303.75,2.5,0.25
2020-12-05T21:00:00,31.37781333,146.15016,0,999,0,77.5,7.75,1.25,3,289.25,8,1,296,62,7.75,1.5,59,7.5,1.75,320.5,2.5,0.25
2020-12-05T22:00:00,31.41125333,145.88216,0,999,0,73,7,1,3,290,7.75,1,296.25,62.25,7.75,1.5,60,7.5,1.5,304,2.25,0.25
2020-12-05T23:00:00,31.43696,145.6520267,0,999,0,165,7.5,1,3,290.25,7.75,1,296.25,63.5,7.75,1.5,60.75,7.5,1.5,297,2.5,0.25
2020-12-06T00:00:00,31.46866667,145.3780267,0,999,0,102.5,7.5,1.25,3,358.5,8.25,0.75,296.25,64.25,7.5,1.5,61.5,7.25,1.5,303.75,2.5,0.25
2020-12-06T01:00:00,31.49549333,145.14656,0,999,0,102.75,7.5,1.25,2.75,89.75,8,0.75,296,63,7.5,1.5,60.75,7.25,1.5,313.5,2.25,0.25
2020-12-06T02:00:00,31.52796667,144.8870667,0,999,0,103.75,7.5,1.25,2.75,2.25,7.5,0.75,296,61.75,7.25,1.5,59.75,7.25,1.5,319.25,2.25,0.25
2020-12-06T03:00:00,31.5584,144.6355467,0,999,0,106.5,7.75,1,2.75,7.5,6.75,1,296,60.75,7.25,1.5,58.5,7.25,1.5,321.5,2.25,0.25
2020-12-06T04:00:00,31.58986667,144.3964267,0,999,0,107.5,7.75,1,2.75,12.5,6.5,1,295.75,61,7.25,1.5,57.5,7,1.5,323.5,2.5,0.25
2020-12-06T05:00:00,31.61421333,144.15624,0,999,0,101.25,7.75,1,2.75,21,6.5,1,295.5,61.75,7.25,1.5,57.75,7,1.5,327.75,2.75,0.25
2020-12-06T06:00:00,31.6312,144.0017867,0,999,0,110.25,8,1,2.75,21.75,6.5,1,295.5,63,7.25,1.5,57.5,7,1.5,328.75,2.75,0.25
2020-12-06T07:00:00,31.67194667,143.6520533,0,999,0,109.75,8,1,2.75,24.25,6.5,1,295.5,65.25,7.25,1.5,59.75,7,1.5,333.25,2.75,0.25
2020-12-06T09:00:00,31.73397333,143.1680533,0,999,0,107.25,8,1,2.75,25.75,6.5,0.75,295.75,67.75,7.25,1.5,63.25,7,1.5,332.25,2.75,0.25
2020-12-06T10:00:00,31.77565333,142.8387733,0,999,0,81,7.5,1,2.75,59.25,7,0.75,296,67,7.25,1.5,64.75,7.25,1.5,328.75,2.25,0.25
2020-12-06T11:00:00,31.79154833,142.7014233,0,999,0,92,7.75,1,2.75,52.25,6.75,0.75,296.25,66.5,7.25,1.5,64.5,7.25,1.5,327,2.25,0.25
2020-12-06T12:00:00,31.82288,142.4609517,0,999,0,57,7,1,2.5,93,7.75,0.75,296.5,66.75,7.25,1.25,64,7.25,1.5,327.5,2.25,0.25
2020-12-06T13:00:00,31.85709333,142.1996267,0,999,0,82,7.75,1,2.5,61.75,7,0.75,296.5,65,7.25,1.25,63.5,7.25,1.5,335.25,2.25,0.25
2020-12-06T14:00:00,31.87605333,142.0427467,0,999,0,112,8.25,1,2.5,36,6.25,0.75,296.5,64,7.25,1.25,63.25,7.25,1.5,336.5,2,0.25
2020-12-06T16:00:00,31.94677333,141.4976267,0,999,0,112.75,8.25,1,2.5,53.25,6.75,0.75,296.5,63.25,7.25,1.25,63,7.25,1.25,328.75,1.75,0
2020-12-06T17:00:00,31.96328,141.3077867,0,999,0,101,8,1,2.5,180,6.25,0.75,296,64,7.25,1.25,63.75,7.25,1.25,329.5,1.75,0
2020-12-06T21:00:00,32.07312,140.3837067,0,982.75,0,65,7.25,1,2.5,151.25,7.25,0.75,296.5,69.25,7.25,1.25,69.25,7.25,1.25,99.75,3.25,0
2020-12-06T22:00:00,32.11773333,140.0332,0.001299738883972168,933.5,0,53,7,1,2.25,160.75,7.5,0.75,296.75,72,7.25,1.25,71.75,7.25,1.25,316,1.75,0
2020-12-06T23:00:00,32.12864,139.93904,0.001299738883972168,933.5,0,42.75,6.75,0.75,2.25,112.25,8.25,0.75,296.75,72.25,7.25,1.25,72,7.25,1.25,100.5,3.25,0
2020-12-07T00:00:00,32.1724,139.6295467,0.0006500482559204102,963.25,0,90.25,8,0.75,2.25,113.75,6.75,0.75,296.75,74,7.25,1.25,73.5,7.25,1.25,306.5,2,0
2020-12-07T01:00:00,32.21138667,139.4791467,0,954,0,100.25,8,1,2.25,181.75,5.75,0.75,296.75,74,7.25,1.25,73.25,7,1.25,303.5,2,0.25
2020-12-07T02:00:00,32.31672,139.06904,0,976.75,0,95,8,1,2.25,255,5,0.5,296.75,74.75,7.25,1.25,72.5,7,1.25,296.5,2.25,0.25
2020-12-07T04:00:00,32.426,138.66056,0,997,0,90.75,7.75,1,2.25,325.5,4.25,0.5,297,69,7,1.25,68.25,7,1.25,263.75,2.5,0
2020-12-07T05:00:00,32.47616,138.43904,0,999,0,91.5,8,1,2.25,326.5,4.25,0.75,296.75,64.75,6.75,1.25,64.75,6.75,1.25,35.25,3.75,0
2020-12-07T06:00:00,32.51968,138.2701067,0,999,0,92.5,8,1,2.25,332.75,4.5,0.75,297,65.5,7,1.25,65.5,7,1.25,35.25,3.75,0
2020-12-07T07:00:00,32.62446667,137.9044767,0,999,0,95.75,8,1,2.25,341.5,4.75,0.75,297,64.5,7,1.25,64.5,7,1.25,89,3.5,0
2020-12-07T08:00:00,32.68117333,137.6850533,0,999,0,98,8,1,2,349,4.75,0.75,296.75,68,7,1.25,68,7,1.25,47,3.5,0
2020-12-07T09:00:00,32.747135,137.42382,0,999,0,99.75,8.25,1,2,352.5,4.75,0.5,296.25,71.25,7,1,71.25,7,1,57.75,3.5,0
2020-12-07T10:00:00,32.78733333,137.2373067,0,999,0,100.25,8.25,1,2,354.5,4.75,0.5,296,75.5,7,1,75.75,7,1,247.5,2.25,0.25
2020-12-07T11:00:00,32.846375,136.98931,0,999,0,101.5,8.25,0.75,2,358.25,4.5,0.5,295,81.25,7.25,1,81.5,7,1,259.25,2.25,0.25
2020-12-07T12:00:00,32.91572667,136.7280417,0,999,0,102,8.25,0.75,2,227.5,4.5,0.5,295,86.25,7.25,1,86,7,1,277.25,2.25,0.25
2020-12-07T13:00:00,32.97112167,136.5017717,0,999,0,103.25,8.25,0.75,1.75,10.25,4.5,0.25,295,91.5,7.5,1,90.5,7.25,1,289,2.25,0.25
2020-12-07T14:00:00,33.030375,136.2671567,0,999,0,103.5,8.25,0.75,1.75,17.25,4.5,0.25,295.25,95.75,7.75,1,89.25,7,1,306,2.75,0.25
2020-12-07T15:00:00,33.089695,136.0357917,0,782.25,0,104,8.25,0.75,2,94.25,10.5,0.25,295.75,102,8,0.75,77.75,6.5,1,321,3,0.5
2020-12-07T16:00:00,33.14869833,135.8036317,0.0002307891845703125,789.75,0,105.5,8.25,0.75,2.25,241,10.25,0,295.75,105,8,0.75,37.75,5.75,1.25,336,3.5,0.75
2020-12-07T17:00:00,33.27735833,135.6167933,0.0003600120544433594,587.75,0,108.25,8.25,0.75,2.5,304,19.5,0.25,295.5,107.25,8,0.75,15.75,5.25,1.25,337.5,3.75,1
2020-12-07T18:00:00,33.416435,135.432855,0.1087714433670044,489,0,111.25,8.5,0.5,2.75,326.5,22.5,0.25,295.25,110,7.75,0.75,265.25,5,1.25,318.25,4,1.25
2020-12-07T19:00:00,33.554785,135.2416,0.16982436180114746,481.5,0,113.75,8.5,0.5,3,324.5,16,0.25,294.75,111,7.75,0.5,348.25,5,1.5,341.25,4.5,1.5
2020-12-07T20:00:00,33.68952167,135.06012,0.09827113151550293,418.5,0,121.25,8.75,0.5,3,312.25,20.75,0.25,294,95.75,6.75,0.5,339.25,4.75,1.5,338,4.5,1.5
2020-12-07T21:00:00,33.87969833,134.98926,0.137451171875,241.75,0,279.75,13.75,0.25,2.75,179,10.25,0.25,293.25,157.25,6.25,0.5,332.25,4.75,1.5,335,4.25,1.25
2020-12-07T22:00:00,34.070695,134.9835183,0.1939716339111328,54.25,0,323.75,12.25,0.25,1.75,131.5,8.75,0.25,292,182.25,5.25,0.5,318,4.25,1,325.5,3.5,0.75
2020-12-07T23:00:00,34.186175,134.986985,0.1939716339111328,54.25,0,168.25,7.5,0.25,1.75,288,13.25,0.25,292,199.75,5.25,0.25,318.25,4.25,1,324,3.5,0.75
2020-12-08T00:00:00,34.37798,135.07542,0.45041394233703613,29.75,-9999,271,17,0.25,1,185.75,9.5,0,-9999,260,4.25,0.25,299.25,3.5,0.5,257.5,3.25,0.5
2020-12-08T01:00:00,34.53354833,135.2174683,0.6223618984222412,20,-9999,310.5,13.75,0.25,0.75,151.5,7.75,0,-9999,282,3.75,0.25,292.25,3.25,0.25,173.75,3.25,0.25
2020-12-08T02:00:00,34.67461,135.3050183,0.6552231311798096,20,-9999,279.75,3.75,0.25,0.75,156.25,7.25,0,-9999,284.5,3.75,0.25,295,3.25,0.25,311.25,2.25,0.25
2020-12-08T03:00:00,34.68046,135.2835817,0.6552231311798096,20,-9999,282,3.75,0.25,0.75,155.25,7.25,0,-9999,287.5,3.5,0.25,296.25,3.25,0.25,315.25,2.25,0.25
2020-12-08T04:00:00,34.680575,135.2836017,0.6552231311798096,20,-9999,289.75,3.75,0.25,0.75,150.75,7.5,0,-9999,291.75,3.5,0.25,296.5,3.25,0.25,309.5,2,0.25
2020-12-08T05:00:00,34.68053167,135.28361,0.6552231311798096,20,-9999,294.5,3.5,0.25,0.75,150.75,7.5,0,-9999,296.75,3.5,0.25,295.5,3.25,0.25,168.5,3.25,0.25
2020-12-08T06:00:00,34.68057833,135.2835767,0.6552231311798096,20,-9999,221.5,5,0.25,0.75,138,8.75,0,-9999,296.5,3.5,0.25,293.75,3.25,0.25,165.5,3.25,0.25
2020-12-08T07:00:00,34.68053167,135.2834667,0.6552231311798096,20,-9999,220.75,5,0.25,0.5,138,8.75,0,-9999,293.75,3.25,0.25,292,3,0.25,165.25,3.25,0.25
2020-12-08T08:00:00,34.68055333,135.2835917,0.6552231311798096,20,-9999,288,3.5,0.25,0.5,151.25,7.25,0,-9999,291.75,3.25,0.25,291,3.25,0.25,167.75,3,0
2020-12-08T09:00:00,34.68055,135.2835683,0.6552231311798096,20,-9999,285.75,3.25,0.25,0.5,151.25,7.25,0,-9999,290.25,3.25,0.25,291,3.25,0.25,174.5,3,0
2020-12-08T10:00:00,34.68053333,135.2835667,0.6552231311798096,20,-9999,286.25,3.25,0.25,0.5,150,7.75,0,-9999,290.75,3.25,0.25,291,3.25,0.25,180.75,3,0
2020-12-08T11:00:00,34.68052667,135.2835883,0.6552231311798096,20,-9999,286,3.25,0.25,0.5,150.5,7.25,0,-9999,288.5,3.25,0.25,292.25,3.25,0.25,190.25,3,0
2020-12-08T12:00:00,34.68062167,135.28356,0.6552231311798096,20,-9999,285.25,3.25,0.25,0.5,151,7.25,0,-9999,287.25,3.25,0.25,296.75,3.25,0.25,196,3,0
